pc,count,frequency
0x0000,1,0.000000098413
0x0001,1,0.000000098413
0x0002,1,0.000000098413
0x0003,1,0.000000098413
0x0004,1,0.000000098413
0x0005,1,0.000000098413
0x0006,1,0.000000098413
0x0007,1,0.000000098413
0x0008,1,0.000000098413
0x000b,1,0.000000098413
0x000d,1,0.000000098413
0x000f,1,0.000000098413
0x0012,1,0.000000098413
0x0015,1,0.000000098413
0x0017,1,0.000000098413
0x001a,5838,0.000574533804
0x001d,5838,0.000574533804
0x0020,5838,0.000574533804
0x0021,5838,0.000574533804
0x0024,2277,0.000224085898
0x0027,2277,0.000224085898
0x002a,2277,0.000224085898
0x002d,3561,0.000350447906
0x002f,3561,0.000350447906
0x0031,3561,0.000350447906
0x0032,3561,0.000350447906
0x0034,3561,0.000350447906
0x0035,3561,0.000350447906
0x0038,3561,0.000350447906
0x0039,3561,0.000350447906
0x003c,3561,0.000350447906
0x003d,3561,0.000350447906
0x0040,7,0.000000688889
0x0043,7,0.000000688889
0x0046,3554,0.000349759017
0x0049,3553,0.000349660604
0x0050,1,0.000000098413
0x0052,1,0.000000098413
0x0054,1,0.000000098413
0x0056,1,0.000000098413
0x0058,1,0.000000098413
0x005a,1,0.000000098413
0x005c,1,0.000000098413
0x005f,1,0.000000098413
0x0061,1,0.000000098413
0x0063,1,0.000000098413
0x0066,1,0.000000098413
0x0068,1,0.000000098413
0x006a,1,0.000000098413
0x006b,2,0.000000196826
0x006e,2,0.000000196826
0x0070,6130,0.000603270335
0x0072,6130,0.000603270335
0x0073,6130,0.000603270335
0x0074,6130,0.000603270335
0x0077,2,0.000000196826
0x0078,288,0.000028342880
0x007b,288,0.000028342880
0x0080,876335,0.086242562700
0x0082,876335,0.086242562700
0x0083,876335,0.086242562700
0x0085,876335,0.086242562700
0x0088,11719,0.001153299357
0x0089,11719,0.001153299357
0x008b,11719,0.001153299357
0x008e,5862,0.000576895711
0x0090,5862,0.000576895711
0x0091,5862,0.000576895711
0x0094,5862,0.000576895711
0x0095,5862,0.000576895711
0x0096,5862,0.000576895711
0x0097,5862,0.000576895711
0x0098,5862,0.000576895711
0x009a,5862,0.000576895711
0x009d,5862,0.000576895711
0x009f,5862,0.000576895711
0x00a0,5862,0.000576895711
0x00a2,5862,0.000576895711
0x00a3,5862,0.000576895711
0x00a6,5862,0.000576895711
0x00a8,5862,0.000576895711
0x00ab,5862,0.000576895711
0x00ac,1,0.000000098413
0x00ae,1,0.000000098413
0x00af,1,0.000000098413
0x00b0,1,0.000000098413
0x00b2,1,0.000000098413
0x00b5,1,0.000000098413
0x00bb,10232,0.001006959555
0x00be,10232,0.001006959555
0x00bf,10232,0.001006959555
0x00c0,10232,0.001006959555
0x00c1,10232,0.001006959555
0x00c2,10232,0.001006959555
0x00c3,10232,0.001006959555
0x00c4,1048,0.000103136592
0x00c5,1048,0.000103136592
0x00c7,1048,0.000103136592
0x00c9,1048,0.000103136592
0x00ca,1048,0.000103136592
0x00cd,1048,0.000103136592
0x00ce,1048,0.000103136592
0x00cf,1048,0.000103136592
0x00d0,1048,0.000103136592
0x00d1,1048,0.000103136592
0x00d2,1048,0.000103136592
0x00d3,1048,0.000103136592
0x00d4,1048,0.000103136592
0x00d6,1048,0.000103136592
0x00d8,1048,0.000103136592
0x00d9,1048,0.000103136592
0x00dc,1048,0.000103136592
0x00dd,1048,0.000103136592
0x00de,1048,0.000103136592
0x00e1,354,0.000034838124
0x00e3,3554,0.000349759017
0x00e6,3554,0.000349759017
0x00e9,3554,0.000349759017
0x00ec,3554,0.000349759017
0x00ef,3554,0.000349759017
0x00f2,3552,0.000349562191
0x00f5,3552,0.000349562191
0x00f8,3552,0.000349562191
0x00fb,3552,0.000349562191
0x00fe,3250,0.000319841532
0x0101,3250,0.000319841532
0x0104,3250,0.000319841532
0x0107,3249,0.000319743119
0x0109,3249,0.000319743119
0x010c,3249,0.000319743119
0x010f,3248,0.000319644706
0x0111,3248,0.000319644706
0x0114,3248,0.000319644706
0x0117,3247,0.000319546293
0x0119,3247,0.000319546293
0x011c,3247,0.000319546293
0x011f,3247,0.000319546293
0x0122,2959,0.000291203413
0x0125,2959,0.000291203413
0x0128,2959,0.000291203413
0x012b,2959,0.000291203413
0x012e,2783,0.000273882764
0x0131,2783,0.000273882764
0x0134,2783,0.000273882764
0x0137,2783,0.000273882764
0x013a,243,0.000023914305
0x0140,12,0.000001180953
0x0143,12,0.000001180953
0x0146,12,0.000001180953
0x0149,12,0.000001180953
0x014c,12,0.000001180953
0x014e,12,0.000001180953
0x014f,12,0.000001180953
0x0151,12,0.000001180953
0x0152,12,0.000001180953
0x0153,12,0.000001180953
0x0154,12,0.000001180953
0x0156,12,0.000001180953
0x0158,12,0.000001180953
0x015b,12,0.000001180953
0x015d,12,0.000001180953
0x015f,12,0.000001180953
0x0161,12,0.000001180953
0x0164,12,0.000001180953
0x0166,12,0.000001180953
0x0167,12,0.000001180953
0x0168,12,0.000001180953
0x016a,12,0.000001180953
0x016b,12,0.000001180953
0x016d,12,0.000001180953
0x016f,12,0.000001180953
0x0172,12,0.000001180953
0x0173,2538,0.000249771633
0x0174,2538,0.000249771633
0x0176,2538,0.000249771633
0x0178,2538,0.000249771633
0x017a,2538,0.000249771633
0x017b,1918,0.000188755710
0x017d,1918,0.000188755710
0x017e,1898,0.000186787455
0x0180,1898,0.000186787455
0x0182,1898,0.000186787455
0x0183,652,0.000064165132
0x0185,652,0.000064165132
0x0186,633,0.000062295289
0x0188,633,0.000062295289
0x018a,633,0.000062295289
0x018b,20,0.000001968256
0x018d,20,0.000001968256
0x018e,20,0.000001968256
0x018f,20,0.000001968256
0x0191,20,0.000001968256
0x0192,2,0.000000196826
0x0194,2,0.000000196826
0x0196,590,0.000058063540
0x0197,590,0.000058063540
0x0199,590,0.000058063540
0x019b,590,0.000058063540
0x019c,480,0.000047238134
0x019d,480,0.000047238134
0x019e,480,0.000047238134
0x01a0,480,0.000047238134
0x01a1,480,0.000047238134
0x01a2,480,0.000047238134
0x01a3,480,0.000047238134
0x01a5,480,0.000047238134
0x01a6,480,0.000047238134
0x01a7,480,0.000047238134
0x01a8,480,0.000047238134
0x01ab,480,0.000047238134
0x01ae,480,0.000047238134
0x01af,480,0.000047238134
0x01b0,480,0.000047238134
0x01b1,480,0.000047238134
0x01b2,480,0.000047238134
0x01b3,480,0.000047238134
0x01b4,480,0.000047238134
0x01b5,480,0.000047238134
0x01b6,480,0.000047238134
0x01b7,480,0.000047238134
0x01b8,480,0.000047238134
0x01b9,480,0.000047238134
0x01ba,480,0.000047238134
0x01bb,480,0.000047238134
0x01bd,480,0.000047238134
0x01be,480,0.000047238134
0x01c1,5916,0.000582210001
0x01c4,5916,0.000582210001
0x01c5,5916,0.000582210001
0x01c8,480,0.000047238134
0x01c9,480,0.000047238134
0x01ca,480,0.000047238134
0x01d0,1563,0.000153819174
0x01d1,1563,0.000153819174
0x01d2,1563,0.000153819174
0x01d3,1563,0.000153819174
0x01d4,1563,0.000153819174
0x01d6,1563,0.000153819174
0x01d7,1563,0.000153819174
0x01d9,1563,0.000153819174
0x01dc,1563,0.000153819174
0x01dd,1563,0.000153819174
0x01e0,950,0.000093492140
0x01e1,3,0.000000295238
0x01e4,302,0.000029720659
0x01e7,302,0.000029720659
0x01e9,302,0.000029720659
0x01ed,40638,0.003999298514
0x01ee,40638,0.003999298514
0x01ef,40638,0.003999298514
0x01f0,40638,0.003999298514
0x01f3,40638,0.003999298514
0x01f4,40638,0.003999298514
0x01f7,1563,0.000153819174
0x0200,9416,0.000926654727
0x0201,9416,0.000926654727
0x0202,29,0.000002853971
0x0203,29,0.000002853971
0x0204,29,0.000002853971
0x0205,29,0.000002853971
0x0206,480,0.000047238134
0x0207,480,0.000047238134
0x0208,480,0.000047238134
0x0209,480,0.000047238134
0x020a,480,0.000047238134
0x020b,480,0.000047238134
0x020c,480,0.000047238134
0x020d,480,0.000047238134
0x020e,480,0.000047238134
0x0210,4805,0.000472873403
0x0211,4805,0.000472873403
0x0213,4805,0.000472873403
0x0214,4805,0.000472873403
0x0215,909,0.000089457216
0x0216,909,0.000089457216
0x0217,71696,0.007055802604
0x0218,71696,0.007055802604
0x021a,71696,0.007055802604
0x021b,71696,0.007055802604
0x021c,12418,0.001222089890
0x021d,12418,0.001222089890
0x0220,3,0.000000295238
0x0221,3,0.000000295238
0x0222,3,0.000000295238
0x0223,3,0.000000295238
0x0224,3,0.000000295238
0x0225,3,0.000000295238
0x0226,3,0.000000295238
0x0227,3,0.000000295238
0x0228,3,0.000000295238
0x0229,3,0.000000295238
0x022a,3,0.000000295238
0x022b,3,0.000000295238
0x022c,3,0.000000295238
0x022e,3,0.000000295238
0x022f,3,0.000000295238
0x0230,3,0.000000295238
0x0231,3,0.000000295238
0x0232,3,0.000000295238
0x0258,15513,0.001526677441
0x0259,15513,0.001526677441
0x025a,15513,0.001526677441
0x025b,64,0.000006298418
0x025c,64,0.000006298418
0x025d,64,0.000006298418
0x025e,64,0.000006298418
0x025f,64,0.000006298418
0x0260,12541,0.001234194662
0x0263,12541,0.001234194662
0x0264,11952,0.001176229535
0x0267,11952,0.001176229535
0x0270,16666,0.001640147375
0x0271,16666,0.001640147375
0x0272,16666,0.001640147375
0x0273,16666,0.001640147375
0x0274,16666,0.001640147375
0x0275,16666,0.001640147375
0x0276,16666,0.001640147375
0x0277,11952,0.001176229535
0x0278,11952,0.001176229535
0x0279,11952,0.001176229535
0x027a,11952,0.001176229535
0x027b,11952,0.001176229535
0x027c,11952,0.001176229535
0x027d,11952,0.001176229535
0x0288,7,0.000000688889
0x028b,7,0.000000688889
0x028e,7,0.000000688889
0x0290,7,0.000000688889
0x0293,7,0.000000688889
0x0295,7,0.000000688889
0x0298,7,0.000000688889
0x029a,7,0.000000688889
0x02a7,7,0.000000688889
0x02aa,7,0.000000688889
0x02ab,7,0.000000688889
0x02ac,7,0.000000688889
0x02ad,1,0.000000098413
0x02b0,1,0.000000098413
0x02b3,1,0.000000098413
0x02b6,1,0.000000098413
0x02b9,1,0.000000098413
0x02bc,1,0.000000098413
0x02be,1,0.000000098413
0x02c0,1,0.000000098413
0x02c3,1,0.000000098413
0x02c5,1,0.000000098413
0x02c7,1,0.000000098413
0x02cb,1,0.000000098413
0x02cd,1,0.000000098413
0x02cf,1,0.000000098413
0x02d4,1,0.000000098413
0x02d7,1,0.000000098413
0x02d8,1,0.000000098413
0x02db,1,0.000000098413
0x02dd,1,0.000000098413
0x02e3,1,0.000000098413
0x02e5,1,0.000000098413
0x02e6,1,0.000000098413
0x02e7,1,0.000000098413
0x02e8,1,0.000000098413
0x02ea,1,0.000000098413
0x02ed,1,0.000000098413
0x02f0,1,0.000000098413
0x02f3,1,0.000000098413
0x02f6,1,0.000000098413
0x02f9,1,0.000000098413
0x02fc,1,0.000000098413
0x02fe,1,0.000000098413
0x0300,1,0.000000098413
0x0303,1,0.000000098413
0x0306,1,0.000000098413
0x0308,1,0.000000098413
0x030b,1,0.000000098413
0x030d,1,0.000000098413
0x0310,1,0.000000098413
0x0314,5,0.000000492064
0x0315,5,0.000000492064
0x0316,5,0.000000492064
0x0317,5,0.000000492064
0x0318,5,0.000000492064
0x0319,5,0.000000492064
0x031a,5,0.000000492064
0x031b,5,0.000000492064
0x031c,5,0.000000492064
0x031d,5,0.000000492064
0x031e,5,0.000000492064
0x0320,2,0.000000196826
0x0321,2,0.000000196826
0x0322,2,0.000000196826
0x0323,2,0.000000196826
0x0324,2,0.000000196826
0x0325,2,0.000000196826
0x0326,2,0.000000196826
0x0327,2,0.000000196826
0x0328,2,0.000000196826
0x0329,2,0.000000196826
0x032a,2,0.000000196826
0x032e,1,0.000000098413
0x0331,8,0.000000787302
0x0333,8,0.000000787302
0x0334,8,0.000000787302
0x0335,8,0.000000787302
0x0337,8,0.000000787302
0x033a,1,0.000000098413
0x033c,1,0.000000098413
0x033f,1,0.000000098413
0x0341,1,0.000000098413
0x0344,1,0.000000098413
0x0346,1,0.000000098413
0x0349,1,0.000000098413
0x034b,1,0.000000098413
0x034e,1,0.000000098413
0x0350,1,0.000000098413
0x0353,1,0.000000098413
0x0355,1,0.000000098413
0x0357,1,0.000000098413
0x0358,1,0.000000098413
0x035b,1,0.000000098413
0x035c,1,0.000000098413
0x035e,1,0.000000098413
0x035f,1,0.000000098413
0x0361,1,0.000000098413
0x0367,4,0.000000393651
0x0369,4,0.000000393651
0x036a,4,0.000000393651
0x036c,4,0.000000393651
0x036f,4,0.000000393651
0x0370,4,0.000000393651
0x0371,4,0.000000393651
0x0373,4,0.000000393651
0x0376,4,0.000000393651
0x0377,3561,0.000350447906
0x037a,3561,0.000350447906
0x037b,3561,0.000350447906
0x037c,3561,0.000350447906
0x037d,3561,0.000350447906
0x0380,21,0.000002066668
0x0383,21,0.000002066668
0x0386,21,0.000002066668
0x0389,7644,0.000752267283
0x038a,7644,0.000752267283
0x038b,7644,0.000752267283
0x038c,7644,0.000752267283
0x038d,7644,0.000752267283
0x038e,7644,0.000752267283
0x038f,7644,0.000752267283
0x0390,7644,0.000752267283
0x0393,546,0.000053733377
0x0394,546,0.000053733377
0x0395,546,0.000053733377
0x0396,546,0.000053733377
0x0397,546,0.000053733377
0x0398,546,0.000053733377
0x0399,546,0.000053733377
0x039a,546,0.000053733377
0x039d,21,0.000002066668
0x03a0,47,0.000004625401
0x03a3,47,0.000004625401
0x03a6,19552,0.001924166655
0x03a7,19552,0.001924166655
0x03a8,19552,0.001924166655
0x03a9,19552,0.001924166655
0x03aa,19552,0.001924166655
0x03ab,19552,0.001924166655
0x03ac,19552,0.001924166655
0x03af,47,0.000004625401
0x03b0,2540,0.000249968459
0x03b3,2540,0.000249968459
0x03b6,2540,0.000249968459
0x03b9,1586,0.000156082668
0x03bc,1586,0.000156082668
0x03bf,1585,0.000155984255
0x03c2,1585,0.000155984255
0x03c5,1585,0.000155984255
0x03c8,626,0.000061606400
0x03cb,626,0.000061606400
0x03ce,2538,0.000249771633
0x03d1,2538,0.000249771633
0x03d4,2538,0.000249771633
0x03d5,2538,0.000249771633
0x03d7,2538,0.000249771633
0x03d8,2538,0.000249771633
0x03d9,2538,0.000249771633
0x03e2,1,0.000000098413
0x03e5,1,0.000000098413
0x03e8,1,0.000000098413
0x03eb,1,0.000000098413
0x03ee,1,0.000000098413
0x03f1,2,0.000000196826
0x03f4,2,0.000000196826
0x03f5,2,0.000000196826
0x03f7,2,0.000000196826
0x03f8,2,0.000000196826
0x03fa,2,0.000000196826
0x03fb,2,0.000000196826
0x03fc,2,0.000000196826
0x03fd,2,0.000000196826
0x0400,4815,0.000473857531
0x0403,4815,0.000473857531
0x0406,4815,0.000473857531
0x0407,4815,0.000473857531
0x0408,4815,0.000473857531
0x0409,4815,0.000473857531
0x040a,4815,0.000473857531
0x040b,4815,0.000473857531
0x040c,4815,0.000473857531
0x040d,4815,0.000473857531
0x041e,16,0.000001574604
0x0421,16,0.000001574604
0x0423,16,0.000001574604
0x0424,16,0.000001574604
0x0427,16,0.000001574604
0x0429,16,0.000001574604
0x042a,16,0.000001574604
0x042d,16,0.000001574604
0x0430,4,0.000000393651
0x0433,4,0.000000393651
0x0435,4,0.000000393651
0x0436,4,0.000000393651
0x0438,4,0.000000393651
0x043a,4,0.000000393651
0x043b,4,0.000000393651
0x043d,4,0.000000393651
0x043f,4,0.000000393651
0x0440,2,0.000000196826
0x0441,2,0.000000196826
0x0442,2,0.000000196826
0x0443,2,0.000000196826
0x0445,2,0.000000196826
0x04ac,686,0.000067511166
0x04af,686,0.000067511166
0x04b0,686,0.000067511166
0x04b1,686,0.000067511166
0x04b2,686,0.000067511166
0x04b4,686,0.000067511166
0x04b5,686,0.000067511166
0x04b6,680,0.000066920690
0x04b8,680,0.000066920690
0x04ba,680,0.000066920690
0x04bd,676,0.000066527039
0x04bf,676,0.000066527039
0x04c1,676,0.000066527039
0x04c2,676,0.000066527039
0x04c4,676,0.000066527039
0x04c6,676,0.000066527039
0x04c9,341,0.000033558758
0x04cc,341,0.000033558758
0x04cd,341,0.000033558758
0x04d0,341,0.000033558758
0x04d1,341,0.000033558758
0x04d2,341,0.000033558758
0x04d4,341,0.000033558758
0x04d7,341,0.000033558758
0x04df,341,0.000033558758
0x04e1,341,0.000033558758
0x04e4,341,0.000033558758
0x04e6,335,0.000032968281
0x04e9,335,0.000032968281
0x04ea,335,0.000032968281
0x04eb,335,0.000032968281
0x04ee,335,0.000032968281
0x04f4,335,0.000032968281
0x04f6,335,0.000032968281
0x04f9,335,0.000032968281
0x04fb,2010,0.000197809686
0x04fd,2010,0.000197809686
0x04fe,2010,0.000197809686
0x0501,2010,0.000197809686
0x0502,2010,0.000197809686
0x0505,335,0.000032968281
0x0506,12,0.000001180953
0x0509,12,0.000001180953
0x050b,12,0.000001180953
0x050e,12,0.000001180953
0x0511,12,0.000001180953
0x0514,12,0.000001180953
0x0515,12,0.000001180953
0x0518,12,0.000001180953
0x051b,12,0.000001180953
0x051d,12,0.000001180953
0x0520,12,0.000001180953
0x0523,12,0.000001180953
0x0526,12,0.000001180953
0x0529,12,0.000001180953
0x052c,12,0.000001180953
0x052f,12,0.000001180953
0x0532,12,0.000001180953
0x0535,12,0.000001180953
0x0537,12,0.000001180953
0x053a,12,0.000001180953
0x053d,12,0.000001180953
0x0540,12,0.000001180953
0x0543,12,0.000001180953
0x0547,12,0.000001180953
0x054a,12,0.000001180953
0x054d,12,0.000001180953
0x054f,12,0.000001180953
0x0552,12,0.000001180953
0x0555,12,0.000001180953
0x0557,12,0.000001180953
0x055a,12,0.000001180953
0x0580,13,0.000001279366
0x0583,13,0.000001279366
0x0586,13,0.000001279366
0x0588,13,0.000001279366
0x0589,13,0.000001279366
0x058a,13,0.000001279366
0x058b,13,0.000001279366
0x058d,13,0.000001279366
0x0590,13,0.000001279366
0x0592,13,0.000001279366
0x0595,13,0.000001279366
0x05d8,74,0.000007282546
0x05d9,3224,0.000317282800
0x05da,3224,0.000317282800
0x05db,3224,0.000317282800
0x05dc,3224,0.000317282800
0x05df,74,0.000007282546
0x05e0,668,0.000065739736
0x05e1,668,0.000065739736
0x05e2,668,0.000065739736
0x05e3,668,0.000065739736
0x05e4,668,0.000065739736
0x05e5,668,0.000065739736
0x05e8,27,0.000002657145
0x05ec,12,0.000001180953
0x05ef,12,0.000001180953
0x05f2,12,0.000001180953
0x05f4,12,0.000001180953
0x05f5,12,0.000001180953
0x05f6,12,0.000001180953
0x05f7,12,0.000001180953
0x05f8,12,0.000001180953
0x05f9,12,0.000001180953
0x05fa,75,0.000007380958
0x05fd,75,0.000007380958
0x0600,75,0.000007380958
0x0601,75,0.000007380958
0x0602,75,0.000007380958
0x0603,1165,0.000114650888
0x0604,1165,0.000114650888
0x0605,1165,0.000114650888
0x0606,1165,0.000114650888
0x0607,1165,0.000114650888
0x0608,1165,0.000114650888
0x0609,1165,0.000114650888
0x060a,1165,0.000114650888
0x060d,73,0.000007184133
0x0610,12,0.000001180953
0x0613,12,0.000001180953
0x0616,12,0.000001180953
0x0617,12,0.000001180953
0x0619,12,0.000001180953
0x061a,12,0.000001180953
0x061b,12,0.000001180953
0x061c,12,0.000001180953
0x061d,12,0.000001180953
0x061e,12,0.000001180953
0x061f,12,0.000001180953
0x0621,12,0.000001180953
0x0624,12,0.000001180953
0x0627,12,0.000001180953
0x0628,12,0.000001180953
0x0629,12,0.000001180953
0x062a,157,0.000015450806
0x062b,157,0.000015450806
0x062c,157,0.000015450806
0x062d,157,0.000015450806
0x062e,157,0.000015450806
0x062f,157,0.000015450806
0x0630,157,0.000015450806
0x0631,157,0.000015450806
0x0632,157,0.000015450806
0x0633,157,0.000015450806
0x0634,157,0.000015450806
0x0635,157,0.000015450806
0x0638,10,0.000000984128
0x0650,12,0.000001180953
0x0653,12,0.000001180953
0x0656,12,0.000001180953
0x0658,12,0.000001180953
0x0659,12,0.000001180953
0x065a,12,0.000001180953
0x065b,12,0.000001180953
0x065c,12,0.000001180953
0x065d,12,0.000001180953
0x065e,12,0.000001180953
0x0661,12,0.000001180953
0x0664,12,0.000001180953
0x0665,12,0.000001180953
0x0666,12,0.000001180953
0x0667,157,0.000015450806
0x0668,157,0.000015450806
0x0669,157,0.000015450806
0x066a,157,0.000015450806
0x066b,157,0.000015450806
0x066c,157,0.000015450806
0x066f,10,0.000000984128
0x067a,1745,0.000171730299
0x067d,1745,0.000171730299
0x067e,1745,0.000171730299
0x067f,1745,0.000171730299
0x0682,1745,0.000171730299
0x0684,1745,0.000171730299
0x0685,222,0.000021847637
0x0688,222,0.000021847637
0x068b,222,0.000021847637
0x068c,222,0.000021847637
0x068d,222,0.000021847637
0x068e,222,0.000021847637
0x068f,222,0.000021847637
0x0691,222,0.000021847637
0x0692,222,0.000021847637
0x0693,222,0.000021847637
0x0695,222,0.000021847637
0x0696,222,0.000021847637
0x0697,222,0.000021847637
0x0698,222,0.000021847637
0x0699,5780,0.000568825863
0x069a,5780,0.000568825863
0x069b,5780,0.000568825863
0x069c,5780,0.000568825863
0x069d,5780,0.000568825863
0x069e,5780,0.000568825863
0x069f,5780,0.000568825863
0x06a2,888,0.000087390548
0x06a3,888,0.000087390548
0x06a4,888,0.000087390548
0x06a5,888,0.000087390548
0x06a8,222,0.000021847637
0x06a9,222,0.000021847637
0x06ac,222,0.000021847637
0x06b0,1662,0.000163562039
0x06b3,1662,0.000163562039
0x06b6,1662,0.000163562039
0x06b7,1662,0.000163562039
0x06b8,1662,0.000163562039
0x06b9,8,0.000000787302
0x06ba,8,0.000000787302
0x06bb,8,0.000000787302
0x06bc,8,0.000000787302
0x06bd,8,0.000000787302
0x06be,8,0.000000787302
0x06bf,8,0.000000787302
0x06c0,8,0.000000787302
0x06c1,8,0.000000787302
0x06c2,8,0.000000787302
0x06c3,8,0.000000787302
0x06c4,8,0.000000787302
0x06c5,8,0.000000787302
0x06c8,8,0.000000787302
0x06ca,8,0.000000787302
0x06cb,8,0.000000787302
0x06cc,8,0.000000787302
0x06cd,8,0.000000787302
0x06cf,8,0.000000787302
0x06d0,8,0.000000787302
0x06d1,8,0.000000787302
0x06d2,8,0.000000787302
0x06d3,8,0.000000787302
0x06d4,8,0.000000787302
0x06d5,8,0.000000787302
0x06d7,8,0.000000787302
0x06d8,8,0.000000787302
0x06da,8,0.000000787302
0x06db,8,0.000000787302
0x06de,8,0.000000787302
0x06df,8,0.000000787302
0x06e1,8,0.000000787302
0x06e2,8,0.000000787302
0x06e3,8,0.000000787302
0x06e4,8,0.000000787302
0x06e7,8,0.000000787302
0x06e8,341,0.000033558758
0x06eb,341,0.000033558758
0x06ed,341,0.000033558758
0x06f0,1662,0.000163562039
0x06f3,1662,0.000163562039
0x06f6,1662,0.000163562039
0x0700,2590,0.000254889098
0x0703,2590,0.000254889098
0x0706,7770,0.000764667293
0x0709,7770,0.000764667293
0x070a,7770,0.000764667293
0x070c,7770,0.000764667293
0x070d,7770,0.000764667293
0x070f,7770,0.000764667293
0x0710,7770,0.000764667293
0x0711,7770,0.000764667293
0x0713,7770,0.000764667293
0x0716,2590,0.000254889098
0x0718,25350,0.002494763948
0x071b,25350,0.002494763948
0x0720,25350,0.002494763948
0x0721,25350,0.002494763948
0x0722,25350,0.002494763948
0x0724,25350,0.002494763948
0x0725,10772,0.001060102456
0x0726,10772,0.001060102456
0x0728,10772,0.001060102456
0x0729,10772,0.001060102456
0x072a,10772,0.001060102456
0x072b,10772,0.001060102456
0x072c,10772,0.001060102456
0x072e,10772,0.001060102456
0x0730,10772,0.001060102456
0x0731,10772,0.001060102456
0x0733,10772,0.001060102456
0x0734,10772,0.001060102456
0x0740,25350,0.002494763948
0x0741,25350,0.002494763948
0x0742,25350,0.002494763948
0x0744,25350,0.002494763948
0x0745,11865,0.001167667623
0x0746,11865,0.001167667623
0x0748,11865,0.001167667623
0x0749,11865,0.001167667623
0x074a,11865,0.001167667623
0x074b,11865,0.001167667623
0x074c,11865,0.001167667623
0x074d,11865,0.001167667623
0x074f,11865,0.001167667623
0x0750,11865,0.001167667623
0x0751,11865,0.001167667623
0x0752,11865,0.001167667623
0x0754,11865,0.001167667623
0x0755,11865,0.001167667623
0x0757,11865,0.001167667623
0x0758,11865,0.001167667623
0x0763,1103,0.000108549295
0x0764,1103,0.000108549295
0x0765,1103,0.000108549295
0x0766,1103,0.000108549295
0x0767,1103,0.000108549295
0x0768,1103,0.000108549295
0x0769,1103,0.000108549295
0x076a,1103,0.000108549295
0x076b,1103,0.000108549295
0x076d,2119,0.000208536679
0x076e,2119,0.000208536679
0x076f,2119,0.000208536679
0x0770,2119,0.000208536679
0x0771,2119,0.000208536679
0x0772,2119,0.000208536679
0x0773,2119,0.000208536679
0x0774,2119,0.000208536679
0x0775,2119,0.000208536679
0x0776,2119,0.000208536679
0x0779,6398,0.000629644960
0x077a,6398,0.000629644960
0x077b,6398,0.000629644960
0x077c,6398,0.000629644960
0x077d,6398,0.000629644960
0x077e,6398,0.000629644960
0x077f,6398,0.000629644960
0x0780,6398,0.000629644960
0x0783,6398,0.000629644960
0x0784,6398,0.000629644960
0x0785,6398,0.000629644960
0x0786,6398,0.000629644960
0x0788,6453,0.000635057663
0x0789,6453,0.000635057663
0x078a,6453,0.000635057663
0x078b,6453,0.000635057663
0x078c,6453,0.000635057663
0x078d,6453,0.000635057663
0x078e,6453,0.000635057663
0x078f,6453,0.000635057663
0x0790,6453,0.000635057663
0x0792,6453,0.000635057663
0x0793,6453,0.000635057663
0x0794,6453,0.000635057663
0x0795,6453,0.000635057663
0x0798,6453,0.000635057663
0x0799,6453,0.000635057663
0x079a,6453,0.000635057663
0x079b,6453,0.000635057663
0x079e,326,0.000032082566
0x079f,326,0.000032082566
0x07a0,326,0.000032082566
0x07a1,326,0.000032082566
0x07a2,326,0.000032082566
0x07a3,326,0.000032082566
0x07a4,326,0.000032082566
0x07a5,326,0.000032082566
0x07a6,326,0.000032082566
0x07a7,326,0.000032082566
0x07a8,326,0.000032082566
0x07aa,328,0.000032279392
0x07ab,328,0.000032279392
0x07ac,328,0.000032279392
0x07ad,328,0.000032279392
0x07ae,328,0.000032279392
0x07af,328,0.000032279392
0x07b0,328,0.000032279392
0x07b1,328,0.000032279392
0x07b2,328,0.000032279392
0x07b4,328,0.000032279392
0x07b5,328,0.000032279392
0x07b6,328,0.000032279392
0x07b7,328,0.000032279392
0x07b8,328,0.000032279392
0x07b9,328,0.000032279392
0x07ba,328,0.000032279392
0x07bb,328,0.000032279392
0x07be,2945,0.000289825634
0x07bf,2945,0.000289825634
0x07c0,2945,0.000289825634
0x07c1,2945,0.000289825634
0x07c2,2945,0.000289825634
0x07c3,2945,0.000289825634
0x07c4,2945,0.000289825634
0x07c5,2945,0.000289825634
0x07c6,2945,0.000289825634
0x07c7,2945,0.000289825634
0x07ca,2945,0.000289825634
0x07cb,2945,0.000289825634
0x07cc,2945,0.000289825634
0x07cd,2945,0.000289825634
0x07ce,2945,0.000289825634
0x07cf,2945,0.000289825634
0x07d2,2965,0.000291793890
0x07d3,2965,0.000291793890
0x07d4,2965,0.000291793890
0x07d5,2965,0.000291793890
0x07d6,2965,0.000291793890
0x07d7,2965,0.000291793890
0x07d8,2965,0.000291793890
0x07d9,2965,0.000291793890
0x07da,2965,0.000291793890
0x07dc,2973,0.000292581192
0x07dd,2973,0.000292581192
0x07de,2973,0.000292581192
0x07df,2973,0.000292581192
0x07e0,2973,0.000292581192
0x07e1,2973,0.000292581192
0x07e2,2973,0.000292581192
0x07e3,2973,0.000292581192
0x07e4,2973,0.000292581192
0x07e7,2973,0.000292581192
0x07e8,2973,0.000292581192
0x07e9,2973,0.000292581192
0x07ea,2973,0.000292581192
0x07eb,2973,0.000292581192
0x07ec,2973,0.000292581192
0x07ed,2973,0.000292581192
0x07ee,2973,0.000292581192
0x07f0,4,0.000000393651
0x07f3,4,0.000000393651
0x07f6,4,0.000000393651
0x07f9,4,0.000000393651
0x0800,3331,0.000327812967
0x0803,3331,0.000327812967
0x0806,3331,0.000327812967
0x0807,3331,0.000327812967
0x0809,3331,0.000327812967
0x080a,3331,0.000327812967
0x080b,3331,0.000327812967
0x080c,3331,0.000327812967
0x080d,3331,0.000327812967
0x080e,3331,0.000327812967
0x080f,3331,0.000327812967
0x0834,558,0.000054914331
0x0837,558,0.000054914331
0x083a,558,0.000054914331
0x083b,558,0.000054914331
0x083c,558,0.000054914331
0x083e,558,0.000054914331
0x083f,63,0.000006200005
0x0842,63,0.000006200005
0x0845,63,0.000006200005
0x0848,134,0.000013187312
0x084b,134,0.000013187312
0x084c,134,0.000013187312
0x084d,134,0.000013187312
0x084e,4,0.000000393651
0x0850,4,0.000000393651
0x0851,4,0.000000393651
0x0853,4,0.000000393651
0x0855,4,0.000000393651
0x085a,63,0.000006200005
0x085d,63,0.000006200005
0x085f,63,0.000006200005
0x0860,51,0.000005019052
0x0862,51,0.000005019052
0x0864,51,0.000005019052
0x0865,39,0.000003838098
0x0867,39,0.000003838098
0x0869,39,0.000003838098
0x086a,27,0.000002657145
0x086c,27,0.000002657145
0x086e,27,0.000002657145
0x086f,15,0.000001476192
0x0871,15,0.000001476192
0x0876,2590,0.000254889098
0x0879,2590,0.000254889098
0x087c,2590,0.000254889098
0x087f,2590,0.000254889098
0x0882,2590,0.000254889098
0x0885,2590,0.000254889098
0x0886,2590,0.000254889098
0x0889,2590,0.000254889098
0x088b,14230,0.001400413845
0x088c,14230,0.001400413845
0x088d,14230,0.001400413845
0x088e,14230,0.001400413845
0x088f,14230,0.001400413845
0x0890,14230,0.001400413845
0x0891,14230,0.001400413845
0x0892,14230,0.001400413845
0x0893,14230,0.001400413845
0x0894,14230,0.001400413845
0x0897,3882,0.000382038408
0x08a0,2590,0.000254889098
0x08a3,2590,0.000254889098
0x08a6,2590,0.000254889098
0x08a9,2590,0.000254889098
0x08ac,2590,0.000254889098
0x08ae,2590,0.000254889098
0x08b0,2590,0.000254889098
0x08c4,2590,0.000254889098
0x08c7,2590,0.000254889098
0x08c8,2590,0.000254889098
0x08ca,2590,0.000254889098
0x08cd,2528,0.000248787505
0x08cf,2528,0.000248787505
0x08d0,2528,0.000248787505
0x08d1,2528,0.000248787505
0x08d4,2336,0.000229892252
0x08d6,2336,0.000229892252
0x08d9,2336,0.000229892252
0x08dc,1,0.000000098413
0x08de,1,0.000000098413
0x08e0,1,0.000000098413
0x08e2,1,0.000000098413
0x08e3,1,0.000000098413
0x08e5,1,0.000000098413
0x08e6,1,0.000000098413
0x08e8,1,0.000000098413
0x08ea,193,0.000018993666
0x08eb,2528,0.000248787505
0x08ed,2528,0.000248787505
0x08f0,2528,0.000248787505
0x08f3,2528,0.000248787505
0x0900,2528,0.000248787505
0x0903,2528,0.000248787505
0x0904,2528,0.000248787505
0x0906,2528,0.000248787505
0x0907,2497,0.000245736709
0x0909,2497,0.000245736709
0x090c,1865,0.000183539833
0x090d,1865,0.000183539833
0x090f,1865,0.000183539833
0x0910,914,0.000089949280
0x0911,914,0.000089949280
0x0913,914,0.000089949280
0x0916,914,0.000089949280
0x0917,632,0.000062196876
0x0918,632,0.000062196876
0x091a,632,0.000062196876
0x091b,632,0.000062196876
0x091c,632,0.000062196876
0x091e,632,0.000062196876
0x0921,632,0.000062196876
0x0926,2560,0.000251936714
0x0927,2560,0.000251936714
0x0929,2560,0.000251936714
0x092a,2560,0.000251936714
0x092b,2560,0.000251936714
0x092c,2560,0.000251936714
0x092d,2560,0.000251936714
0x092e,2560,0.000251936714
0x0930,2590,0.000254889098
0x0931,2590,0.000254889098
0x0933,2590,0.000254889098
0x0936,2034,0.000200171593
0x0937,2034,0.000200171593
0x0939,2034,0.000200171593
0x093c,2034,0.000200171593
0x093d,32,0.000003149209
0x093e,32,0.000003149209
0x0940,32,0.000003149209
0x0941,32,0.000003149209
0x0942,32,0.000003149209
0x0944,32,0.000003149209
0x0945,32,0.000003149209
0x0946,32,0.000003149209
0x0947,32,0.000003149209
0x094a,32,0.000003149209
0x094c,32,0.000003149209
0x094d,32,0.000003149209
0x094e,32,0.000003149209
0x0951,32,0.000003149209
0x0953,32,0.000003149209
0x0954,32,0.000003149209
0x0955,32,0.000003149209
0x0956,32,0.000003149209
0x0959,32,0.000003149209
0x095c,32,0.000003149209
0x095e,32,0.000003149209
0x0961,32,0.000003149209
0x0964,556,0.000054717505
0x0965,556,0.000054717505
0x0966,556,0.000054717505
0x0967,556,0.000054717505
0x0968,556,0.000054717505
0x096a,556,0.000054717505
0x096b,556,0.000054717505
0x096d,556,0.000054717505
0x096e,27,0.000002657145
0x096f,27,0.000002657145
0x0970,27,0.000002657145
0x0971,27,0.000002657145
0x0972,27,0.000002657145
0x0974,27,0.000002657145
0x0975,27,0.000002657145
0x097a,2590,0.000254889098
0x097d,2590,0.000254889098
0x097e,2590,0.000254889098
0x0980,2590,0.000254889098
0x0981,2590,0.000254889098
0x0984,2590,0.000254889098
0x0985,2590,0.000254889098
0x0986,2590,0.000254889098
0x0987,2590,0.000254889098
0x0988,2590,0.000254889098
0x098b,2590,0.000254889098
0x098c,2590,0.000254889098
0x098d,2590,0.000254889098
0x098e,2590,0.000254889098
0x0991,2590,0.000254889098
0x09a0,2602,0.000256070051
0x09a3,2602,0.000256070051
0x09a6,7806,0.000768210153
0x09a9,7806,0.000768210153
0x09aa,7806,0.000768210153
0x09ab,7806,0.000768210153
0x09ac,7806,0.000768210153
0x09ad,7806,0.000768210153
0x09ae,7806,0.000768210153
0x09af,7806,0.000768210153
0x09b0,7806,0.000768210153
0x09b2,7806,0.000768210153
0x09b5,2602,0.000256070051
0x09ba,21570,0.002122763643
0x09bd,21570,0.002122763643
0x09be,21570,0.002122763643
0x09c0,21570,0.002122763643
0x09c1,21570,0.002122763643
0x09c2,21570,0.002122763643
0x09c3,21570,0.002122763643
0x09c4,21570,0.002122763643
0x09c5,21570,0.002122763643
0x09c6,21570,0.002122763643
0x09c7,21570,0.002122763643
0x09c8,21570,0.002122763643
0x09c9,21570,0.002122763643
0x09ca,21570,0.002122763643
0x09cc,21570,0.002122763643
0x09cd,21570,0.002122763643
0x09ce,21570,0.002122763643
0x09cf,21570,0.002122763643
0x09d0,21570,0.002122763643
0x09d1,21570,0.002122763643
0x0a50,556,0.000054717505
0x0a53,556,0.000054717505
0x0a56,11120,0.001094350103
0x0a57,11120,0.001094350103
0x0a5a,11120,0.001094350103
0x0a5b,11120,0.001094350103
0x0a5c,11120,0.001094350103
0x0a5e,11120,0.001094350103
0x0a5f,11120,0.001094350103
0x0a61,11120,0.001094350103
0x0a62,11120,0.001094350103
0x0a63,11120,0.001094350103
0x0a64,11120,0.001094350103
0x0a67,556,0.000054717505
0x0a6c,500,0.000049206390
0x0a6f,500,0.000049206390
0x0a72,10000,0.000984127790
0x0a73,10000,0.000984127790
0x0a74,10000,0.000984127790
0x0a75,10000,0.000984127790
0x0a77,10000,0.000984127790
0x0a7a,7304,0.000718806938
0x0a7b,7304,0.000718806938
0x0a7c,7304,0.000718806938
0x0a7d,7304,0.000718806938
0x0a7e,7304,0.000718806938
0x0a7f,7304,0.000718806938
0x0a80,7304,0.000718806938
0x0a81,7304,0.000718806938
0x0a82,7304,0.000718806938
0x0a83,7304,0.000718806938
0x0a84,7304,0.000718806938
0x0a85,7304,0.000718806938
0x0a86,7304,0.000718806938
0x0a87,7304,0.000718806938
0x0a8a,10000,0.000984127790
0x0a8b,10000,0.000984127790
0x0a8c,10000,0.000984127790
0x0a8d,10000,0.000984127790
0x0a8f,10000,0.000984127790
0x0a90,10000,0.000984127790
0x0a91,10000,0.000984127790
0x0a93,10000,0.000984127790
0x0a94,10000,0.000984127790
0x0a96,10000,0.000984127790
0x0a99,500,0.000049206390
0x0aa0,62,0.000006101592
0x0aa2,62,0.000006101592
0x0aa3,62,0.000006101592
0x0aa4,62,0.000006101592
0x0aa5,62,0.000006101592
0x0aa8,62,0.000006101592
0x0aa9,62,0.000006101592
0x0aac,62,0.000006101592
0x0aae,62,0.000006101592
0x0aaf,62,0.000006101592
0x0ab0,62,0.000006101592
0x0ab3,62,0.000006101592
0x0ab5,62,0.000006101592
0x0ab8,61,0.000006003180
0x0abb,61,0.000006003180
0x0abd,61,0.000006003180
0x0abe,61,0.000006003180
0x0abf,61,0.000006003180
0x0ac0,61,0.000006003180
0x0ac1,61,0.000006003180
0x0ad6,810,0.000079714351
0x0ad7,810,0.000079714351
0x0ad8,3239,0.000318758991
0x0ad9,3239,0.000318758991
0x0ada,3238,0.000318660578
0x0adb,3238,0.000318660578
0x0adc,3238,0.000318660578
0x0add,3238,0.000318660578
0x0ae0,809,0.000079615938
0x0ae1,809,0.000079615938
0x0ae2,809,0.000079615938
0x0ae5,809,0.000079615938
0x0ae6,809,0.000079615938
0x0ae9,262,0.000025784148
0x0aea,480,0.000047238134
0x0aed,480,0.000047238134
0x0aee,480,0.000047238134
0x0af0,480,0.000047238134
0x0af1,480,0.000047238134
0x0af4,480,0.000047238134
0x0af6,480,0.000047238134
0x0af7,480,0.000047238134
0x0af8,480,0.000047238134
0x0af9,480,0.000047238134
0x0afc,480,0.000047238134
0x0afd,480,0.000047238134
0x0afe,480,0.000047238134
0x0b00,480,0.000047238134
0x0b01,480,0.000047238134
0x0b02,480,0.000047238134
0x0b05,475,0.000046746070
0x0b07,475,0.000046746070
0x0b0a,320,0.000031492089
0x0b0d,315,0.000031000025
0x0b15,5,0.000000492064
0x0b16,5,0.000000492064
0x0b18,5,0.000000492064
0x0b19,5,0.000000492064
0x0b1a,5,0.000000492064
0x0b1c,5,0.000000492064
0x0b1d,5,0.000000492064
0x0b1e,5,0.000000492064
0x0b1f,5,0.000000492064
0x0b20,3,0.000000295238
0x0b21,3,0.000000295238
0x0b22,3,0.000000295238
0x0b25,3,0.000000295238
0x0b26,3,0.000000295238
0x0b27,3,0.000000295238
0x0b28,3,0.000000295238
0x0b29,2,0.000000196826
0x0b2b,2,0.000000196826
0x0b2d,2,0.000000196826
0x0b48,1,0.000000098413
0x0b4b,1,0.000000098413
0x0b4e,1,0.000000098413
0x0b50,1,0.000000098413
0x0b51,1,0.000000098413
0x0b53,1,0.000000098413
0x0b54,1,0.000000098413
0x0b55,1,0.000000098413
0x0b57,1,0.000000098413
0x0b59,1,0.000000098413
0x0b5a,1,0.000000098413
0x0b60,302,0.000029720659
0x0b63,302,0.000029720659
0x0b64,302,0.000029720659
0x0b65,302,0.000029720659
0x0b67,302,0.000029720659
0x0b6a,300,0.000029523834
0x0b6d,300,0.000029523834
0x0b6f,300,0.000029523834
0x0b71,300,0.000029523834
0x0b74,1,0.000000098413
0x0b77,1,0.000000098413
0x0b79,1,0.000000098413
0x0b7b,1,0.000000098413
0x0b7c,1,0.000000098413
0x0b7d,1,0.000000098413
0x0b7e,1,0.000000098413
0x0b7f,1,0.000000098413
0x0b80,1,0.000000098413
0x0b82,1,0.000000098413
0x0b83,1,0.000000098413
0x0b84,1,0.000000098413
0x0b85,1,0.000000098413
0x0b87,1,0.000000098413
0x0b88,1,0.000000098413
0x0b89,1,0.000000098413
0x0b8a,1,0.000000098413
0x0b8b,1,0.000000098413
0x0b95,299,0.000029425421
0x0b98,299,0.000029425421
0x0b9b,299,0.000029425421
0x0ba0,155,0.000015253981
0x0ba3,155,0.000015253981
0x0ba4,155,0.000015253981
0x0ba6,155,0.000015253981
0x0ba8,155,0.000015253981
0x0ba9,31,0.000003050796
0x0bab,31,0.000003050796
0x0bac,31,0.000003050796
0x0bad,31,0.000003050796
0x0bae,31,0.000003050796
0x0baf,31,0.000003050796
0x0bb2,31,0.000003050796
0x0bba,315,0.000031000025
0x0bbb,315,0.000031000025
0x0bbc,315,0.000031000025
0x0bbf,160,0.000015746045
0x0bc0,160,0.000015746045
0x0bc1,160,0.000015746045
0x0bc4,80,0.000007873022
0x0bca,1,0.000000098413
0x0bcd,1,0.000000098413
0x0bd0,1,0.000000098413
0x0bd2,1,0.000000098413
0x0bd3,1,0.000000098413
0x0bd4,1,0.000000098413
0x0bd6,1,0.000000098413
0x0bd9,1,0.000000098413
0x0bdc,1,0.000000098413
0x0bdf,1,0.000000098413
0x0be2,1,0.000000098413
0x0be5,1,0.000000098413
0x0be8,1,0.000000098413
0x0beb,1,0.000000098413
0x0bee,1,0.000000098413
0x0bf1,1,0.000000098413
0x0c40,1292,0.000127149310
0x0c43,1292,0.000127149310
0x0c45,1292,0.000127149310
0x0c48,1292,0.000127149310
0x0c4b,1292,0.000127149310
0x0c4e,1292,0.000127149310
0x0c51,1292,0.000127149310
0x0c56,1292,0.000127149310
0x0c59,6460,0.000635746552
0x0c5a,6460,0.000635746552
0x0c5d,6460,0.000635746552
0x0c5e,6460,0.000635746552
0x0c5f,6460,0.000635746552
0x0c61,6460,0.000635746552
0x0c62,6460,0.000635746552
0x0c64,6460,0.000635746552
0x0c67,1292,0.000127149310
0x0c6b,1292,0.000127149310
0x0c6e,1292,0.000127149310
0x0c71,6460,0.000635746552
0x0c74,6460,0.000635746552
0x0c75,6460,0.000635746552
0x0c76,6460,0.000635746552
0x0c77,6460,0.000635746552
0x0c78,6460,0.000635746552
0x0c79,6460,0.000635746552
0x0c7a,6460,0.000635746552
0x0c7b,6460,0.000635746552
0x0c7d,6460,0.000635746552
0x0c80,1292,0.000127149310
0x0c84,6460,0.000635746552
0x0c85,6460,0.000635746552
0x0c87,6460,0.000635746552
0x0c88,568,0.000055898458
0x0c89,568,0.000055898458
0x0c8a,568,0.000055898458
0x0c8b,568,0.000055898458
0x0c8c,568,0.000055898458
0x0c8e,568,0.000055898458
0x0c8f,568,0.000055898458
0x0c90,568,0.000055898458
0x0c91,568,0.000055898458
0x0c92,568,0.000055898458
0x0c94,568,0.000055898458
0x0c95,568,0.000055898458
0x0c97,568,0.000055898458
0x0c9a,558,0.000054914331
0x0c9b,558,0.000054914331
0x0c9e,558,0.000054914331
0x0c9f,558,0.000054914331
0x0ca0,558,0.000054914331
0x0ca2,558,0.000054914331
0x0ca3,558,0.000054914331
0x0ca4,558,0.000054914331
0x0ca5,558,0.000054914331
0x0ca6,558,0.000054914331
0x0ca7,558,0.000054914331
0x0ca8,558,0.000054914331
0x0ca9,558,0.000054914331
0x0caa,558,0.000054914331
0x0cac,558,0.000054914331
0x0caf,555,0.000054619092
0x0cb4,558,0.000054914331
0x0cb6,558,0.000054914331
0x0cb7,91,0.000008955563
0x0cb9,91,0.000008955563
0x0cba,49,0.000004822226
0x0cbd,49,0.000004822226
0x0cbe,49,0.000004822226
0x0cbf,17,0.000001673017
0x0cc2,17,0.000001673017
0x0cc3,17,0.000001673017
0x0cc4,5,0.000000492064
0x0cc6,5,0.000000492064
0x0cc9,5,0.000000492064
0x0ccb,5,0.000000492064
0x0cce,5,0.000000492064
0x0cd0,5,0.000000492064
0x0cd3,5,0.000000492064
0x0cd8,1292,0.000127149310
0x0cdb,1292,0.000127149310
0x0cde,6460,0.000635746552
0x0cdf,6460,0.000635746552
0x0ce2,6460,0.000635746552
0x0ce3,6460,0.000635746552
0x0ce4,6460,0.000635746552
0x0ce6,6460,0.000635746552
0x0ce7,6460,0.000635746552
0x0ce9,6460,0.000635746552
0x0cea,6460,0.000635746552
0x0ceb,6460,0.000635746552
0x0cec,6460,0.000635746552
0x0cef,1292,0.000127149310
0x0cf4,4,0.000000393651
0x0cf5,4,0.000000393651
0x0cf6,4,0.000000393651
0x0d1c,488,0.000048025436
0x0d1f,488,0.000048025436
0x0d22,7808,0.000768406979
0x0d25,7808,0.000768406979
0x0d26,7808,0.000768406979
0x0d27,7808,0.000768406979
0x0d28,7808,0.000768406979
0x0d2a,7808,0.000768406979
0x0d2b,7808,0.000768406979
0x0d2e,488,0.000048025436
0x0d30,7808,0.000768406979
0x0d31,7808,0.000768406979
0x0d32,7808,0.000768406979
0x0d33,7808,0.000768406979
0x0d34,7808,0.000768406979
0x0d35,7808,0.000768406979
0x0d37,7808,0.000768406979
0x0d38,7146,0.000703257719
0x0d39,7146,0.000703257719
0x0d3a,7146,0.000703257719
0x0d3b,7146,0.000703257719
0x0d3c,7146,0.000703257719
0x0d3e,7146,0.000703257719
0x0d3f,7146,0.000703257719
0x0d41,7146,0.000703257719
0x0d42,7146,0.000703257719
0x0d43,7146,0.000703257719
0x0d46,6807,0.000669895787
0x0d47,6807,0.000669895787
0x0d48,6807,0.000669895787
0x0d4b,425,0.000041825431
0x0d4c,425,0.000041825431
0x0d4d,425,0.000041825431
0x0d4e,425,0.000041825431
0x0d4f,764,0.000075187363
0x0d50,764,0.000075187363
0x0d51,764,0.000075187363
0x0d52,764,0.000075187363
0x0d53,764,0.000075187363
0x0d54,764,0.000075187363
0x0d55,764,0.000075187363
0x0d57,764,0.000075187363
0x0d58,764,0.000075187363
0x0d59,312,0.000030704787
0x0d5a,312,0.000030704787
0x0d5e,6382,0.000628070356
0x0d5f,6382,0.000628070356
0x0d60,6382,0.000628070356
0x0d61,6382,0.000628070356
0x0d62,6382,0.000628070356
0x0d64,6382,0.000628070356
0x0d65,6382,0.000628070356
0x0d66,805,0.000079222287
0x0d67,805,0.000079222287
0x0d70,488,0.000048025436
0x0d73,488,0.000048025436
0x0d76,7808,0.000768406979
0x0d79,7808,0.000768406979
0x0d7a,7808,0.000768406979
0x0d7c,7808,0.000768406979
0x0d7d,7808,0.000768406979
0x0d7f,7808,0.000768406979
0x0d80,7808,0.000768406979
0x0d83,488,0.000048025436
0x0d86,7808,0.000768406979
0x0d87,7808,0.000768406979
0x0d88,7808,0.000768406979
0x0d89,7808,0.000768406979
0x0d8a,7808,0.000768406979
0x0d8b,7808,0.000768406979
0x0d8d,7808,0.000768406979
0x0d8e,7144,0.000703060893
0x0d8f,7144,0.000703060893
0x0d90,7144,0.000703060893
0x0d91,7144,0.000703060893
0x0d94,7144,0.000703060893
0x0d95,7144,0.000703060893
0x0d96,7144,0.000703060893
0x0d97,7144,0.000703060893
0x0d99,7144,0.000703060893
0x0d9a,7144,0.000703060893
0x0d9c,7144,0.000703060893
0x0d9d,7144,0.000703060893
0x0d9f,7144,0.000703060893
0x0da0,7144,0.000703060893
0x0da1,7144,0.000703060893
0x0da2,7144,0.000703060893
0x0da3,7144,0.000703060893
0x0da4,7144,0.000703060893
0x0da5,7144,0.000703060893
0x0da6,7144,0.000703060893
0x0da7,7144,0.000703060893
0x0da8,7144,0.000703060893
0x0dab,6885,0.000677571984
0x0dac,6885,0.000677571984
0x0daf,506,0.000049796866
0x0db0,506,0.000049796866
0x0db1,506,0.000049796866
0x0db3,506,0.000049796866
0x0db4,506,0.000049796866
0x0db5,506,0.000049796866
0x0dbb,259,0.000025488910
0x0dbc,259,0.000025488910
0x0dbd,259,0.000025488910
0x0dbf,259,0.000025488910
0x0dc0,259,0.000025488910
0x0dc1,259,0.000025488910
0x0dc2,259,0.000025488910
0x0dc3,259,0.000025488910
0x0dc5,259,0.000025488910
0x0dc6,259,0.000025488910
0x0dcc,6379,0.000627775117
0x0dcd,6379,0.000627775117
0x0dce,6379,0.000627775117
0x0dcf,6379,0.000627775117
0x0dd1,6379,0.000627775117
0x0dd2,7144,0.000703060893
0x0dd3,7144,0.000703060893
0x0dd5,7144,0.000703060893
0x0dd6,7144,0.000703060893
0x0dd7,7144,0.000703060893
0x0dd8,7144,0.000703060893
0x0dd9,7144,0.000703060893
0x0dda,7144,0.000703060893
0x0df0,1958,0.000192692221
0x0df3,1958,0.000192692221
0x0df6,1958,0.000192692221
0x0df9,1958,0.000192692221
0x0dfc,1958,0.000192692221
0x0dff,1958,0.000192692221
0x0e10,3916,0.000385384443
0x0e11,3916,0.000385384443
0x0e13,3916,0.000385384443
0x0e14,271,0.000026669863
0x0e15,271,0.000026669863
0x0e16,271,0.000026669863
0x0e17,271,0.000026669863
0x0e18,271,0.000026669863
0x0e1a,271,0.000026669863
0x0e1b,271,0.000026669863
0x0e1d,271,0.000026669863
0x0e1e,7,0.000000688889
0x0e20,7,0.000000688889
0x0e23,7,0.000000688889
0x0e25,7,0.000000688889
0x0e26,7,0.000000688889
0x0e27,7,0.000000688889
0x0e29,7,0.000000688889
0x0e2a,7,0.000000688889
0x0e2c,7,0.000000688889
0x0e2d,7,0.000000688889
0x0e2e,7,0.000000688889
0x0e2f,7,0.000000688889
0x0e31,7,0.000000688889
0x0e32,7,0.000000688889
0x0e33,7,0.000000688889
0x0e34,7,0.000000688889
0x0e35,7,0.000000688889
0x0e36,6,0.000000590477
0x0e70,6,0.000000590477
0x0e71,6,0.000000590477
0x0e72,6,0.000000590477
0x0e74,6,0.000000590477
0x0e75,6,0.000000590477
0x0e76,6,0.000000590477
0x0e77,6,0.000000590477
0x0e78,6,0.000000590477
0x0e7a,6,0.000000590477
0x0e7b,6,0.000000590477
0x0e7e,39,0.000003838098
0x0e7f,39,0.000003838098
0x0e80,39,0.000003838098
0x0e81,39,0.000003838098
0x0e83,39,0.000003838098
0x0e86,33,0.000003247622
0x0e87,33,0.000003247622
0x0e88,33,0.000003247622
0x0e8a,33,0.000003247622
0x0e8b,33,0.000003247622
0x0e90,31,0.000003050796
0x0e91,31,0.000003050796
0x0e93,31,0.000003050796
0x0e94,31,0.000003050796
0x0e95,11,0.000001082541
0x0e97,11,0.000001082541
0x0e98,11,0.000001082541
0x0e99,7,0.000000688889
0x0e9a,7,0.000000688889
0x0e9b,7,0.000000688889
0x0e9c,7,0.000000688889
0x0e9e,7,0.000000688889
0x0e9f,7,0.000000688889
0x0ea0,6,0.000000590477
0x0ea3,6,0.000000590477
0x0ea4,6,0.000000590477
0x0ea5,6,0.000000590477
0x0ea6,6,0.000000590477
0x0ea7,6,0.000000590477
0x0ea8,6,0.000000590477
0x0ea9,6,0.000000590477
0x0eaa,6,0.000000590477
0x0eac,6,0.000000590477
0x0ead,10,0.000000984128
0x0eae,10,0.000000984128
0x0eb0,10,0.000000984128
0x0eb1,10,0.000000984128
0x0eb2,10,0.000000984128
0x0eb4,10,0.000000984128
0x0eb5,10,0.000000984128
0x0eb6,10,0.000000984128
0x0eb7,10,0.000000984128
0x0eb8,10,0.000000984128
0x0ebb,10,0.000000984128
0x0ebc,10,0.000000984128
0x0ebe,10,0.000000984128
0x0ec1,10,0.000000984128
0x0ec3,10,0.000000984128
0x0ec4,10,0.000000984128
0x0ec5,10,0.000000984128
0x0ed5,10,0.000000984128
0x0ed6,10,0.000000984128
0x0ed7,10,0.000000984128
0x0ed8,10,0.000000984128
0x0ed9,10,0.000000984128
0x0eda,10,0.000000984128
0x0edb,10,0.000000984128
0x0edc,10,0.000000984128
0x0ede,10,0.000000984128
0x0ee0,10,0.000000984128
0x0ee2,10,0.000000984128
0x0ee3,10,0.000000984128
0x0ee4,10,0.000000984128
0x0ee5,10,0.000000984128
0x0f00,493,0.000048517500
0x0f03,493,0.000048517500
0x0f04,493,0.000048517500
0x0f06,493,0.000048517500
0x0f09,493,0.000048517500
0x0f0b,493,0.000048517500
0x0f0c,493,0.000048517500
0x0f0d,493,0.000048517500
0x0f0e,493,0.000048517500
0x0f11,493,0.000048517500
0x0f14,493,0.000048517500
0x0f15,4,0.000000393651
0x0f16,4,0.000000393651
0x0f17,4,0.000000393651
0x0f1a,4,0.000000393651
0x0f1b,4,0.000000393651
0x0f1d,4,0.000000393651
0x0f1e,4,0.000000393651
0x0f1f,4,0.000000393651
0x0f20,4,0.000000393651
0x0f23,20,0.000001968256
0x0f24,20,0.000001968256
0x0f25,20,0.000001968256
0x0f26,20,0.000001968256
0x0f28,20,0.000001968256
0x0f2b,16,0.000001574604
0x0f2c,16,0.000001574604
0x0f2d,16,0.000001574604
0x0f2f,16,0.000001574604
0x0f30,16,0.000001574604
0x0f38,17,0.000001673017
0x0f39,17,0.000001673017
0x0f3a,17,0.000001673017
0x0f3b,17,0.000001673017
0x0f3d,17,0.000001673017
0x0f3e,10,0.000000984128
0x0f40,10,0.000000984128
0x0f41,10,0.000000984128
0x0f42,10,0.000000984128
0x0f43,10,0.000000984128
0x0f44,4,0.000000393651
0x0f45,4,0.000000393651
0x0f46,4,0.000000393651
0x0f49,4,0.000000393651
0x0f4c,4,0.000000393651
0x0f4d,4,0.000000393651
0x0f4e,4,0.000000393651
0x0f56,985,0.000096936587
0x0f57,985,0.000096936587
0x0f58,1966,0.000193479524
0x0f59,1966,0.000193479524
0x0f5b,1966,0.000193479524
0x0f5e,4,0.000000393651
0x0f60,4,0.000000393651
0x0f63,1962,0.000193085872
0x0f64,1962,0.000193085872
0x0f65,1962,0.000193085872
0x0f68,981,0.000096542936
0x0f69,981,0.000096542936
0x0f6a,981,0.000096542936
0x0f6d,981,0.000096542936
0x0f6e,981,0.000096542936
0x0f71,489,0.000048123849
0x0fc0,1447,0.000142403291
0x0fc3,1447,0.000142403291
0x0fc6,1447,0.000142403291
0x0fc9,1447,0.000142403291
0x0fcc,1447,0.000142403291
0x0fcf,1447,0.000142403291
0x0fd2,1447,0.000142403291
0x0fd5,1447,0.000142403291
0x0fd8,2894,0.000284806582
0x0fd9,2894,0.000284806582
0x0fda,2894,0.000284806582
0x0fdb,150,0.000014761917
0x0fdc,150,0.000014761917
0x0fdd,150,0.000014761917
0x0fde,150,0.000014761917
0x0fdf,150,0.000014761917
0x0fe0,150,0.000014761917
0x0fe1,150,0.000014761917
0x0fe2,150,0.000014761917
0x0fe3,150,0.000014761917
0x0fe6,150,0.000014761917
0x0fe7,150,0.000014761917
0x0fe9,150,0.000014761917
0x0fea,150,0.000014761917
0x0fec,150,0.000014761917
0x0fed,150,0.000014761917
0x0fef,150,0.000014761917
0x0ff0,150,0.000014761917
0x0ff1,150,0.000014761917
0x0ff4,150,0.000014761917
0x14e0,480,0.000047238134
0x14e1,480,0.000047238134
0x14e4,480,0.000047238134
0x14e6,480,0.000047238134
0x17e0,3568,0.000351136796
0x17e3,3568,0.000351136796
0x17e5,3568,0.000351136796
0x17e8,3568,0.000351136796
0x1df0,299,0.000029425421
0x1df3,299,0.000029425421
0x1df5,299,0.000029425421
0x1ee0,176,0.000017320649
0x1ee3,176,0.000017320649
0x1ee6,4576,0.000450336877
0x1ee7,4576,0.000450336877
0x1ee8,4576,0.000450336877
0x1ee9,4576,0.000450336877
0x1eec,4576,0.000450336877
0x1eed,4576,0.000450336877
0x1ef0,176,0.000017320649
0x1ef1,176,0.000017320649
0x1ef2,176,0.000017320649
0x1ef4,176,0.000017320649
0x1ef7,176,0.000017320649
0x1ef8,176,0.000017320649
0x1ef9,176,0.000017320649
0x1efa,176,0.000017320649
0x2000,1958,0.000192692221
0x2003,1958,0.000192692221
0x2006,1958,0.000192692221
0x2009,1958,0.000192692221
0x200c,1958,0.000192692221
0x200d,1958,0.000192692221
0x200f,1958,0.000192692221
0x2010,1958,0.000192692221
0x2011,1958,0.000192692221
0x2014,1958,0.000192692221
0x2015,1958,0.000192692221
0x2018,1958,0.000192692221
0x201a,1958,0.000192692221
0x2040,1662,0.000163562039
0x2043,1662,0.000163562039
0x2046,1662,0.000163562039
0x2047,1662,0.000163562039
0x2048,1662,0.000163562039
0x2049,11,0.000001082541
0x204a,11,0.000001082541
0x204b,11,0.000001082541
0x204c,11,0.000001082541
0x204d,11,0.000001082541
0x204e,11,0.000001082541
0x204f,11,0.000001082541
0x2050,11,0.000001082541
0x2051,11,0.000001082541
0x2052,11,0.000001082541
0x2055,11,0.000001082541
0x2057,11,0.000001082541
0x2058,11,0.000001082541
0x2059,11,0.000001082541
0x205a,11,0.000001082541
0x205c,11,0.000001082541
0x205d,11,0.000001082541
0x205e,11,0.000001082541
0x2060,11,0.000001082541
0x2061,11,0.000001082541
0x2062,11,0.000001082541
0x2063,11,0.000001082541
0x2064,11,0.000001082541
0x2065,11,0.000001082541
0x2066,11,0.000001082541
0x2068,11,0.000001082541
0x2069,11,0.000001082541
0x206a,11,0.000001082541
0x206b,11,0.000001082541
0x206c,11,0.000001082541
0x206d,11,0.000001082541
0x2070,80,0.000007873022
0x2071,80,0.000007873022
0x2073,80,0.000007873022
0x2075,80,0.000007873022
0x2076,80,0.000007873022
0x2077,80,0.000007873022
0x2079,80,0.000007873022
0x207a,80,0.000007873022
0x207b,80,0.000007873022
0x207e,80,0.000007873022
0x2081,80,0.000007873022
0x2085,80,0.000007873022
0x2087,80,0.000007873022
0x2088,80,0.000007873022
0x2089,80,0.000007873022
0x208a,80,0.000007873022
0x208c,80,0.000007873022
0x208d,80,0.000007873022
0x208f,80,0.000007873022
0x2090,80,0.000007873022
0x2091,368,0.000036215903
0x2093,368,0.000036215903
0x2094,368,0.000036215903
0x2096,368,0.000036215903
0x2097,368,0.000036215903
0x209a,288,0.000028342880
0x209b,288,0.000028342880
0x209c,288,0.000028342880
0x209d,288,0.000028342880
0x209f,288,0.000028342880
0x20a0,288,0.000028342880
0x20a1,288,0.000028342880
0x20a3,288,0.000028342880
0x20a4,288,0.000028342880
0x20a5,288,0.000028342880
0x20a7,288,0.000028342880
0x20a8,288,0.000028342880
0x20b0,80,0.000007873022
0x20b1,1984,0.000195250954
0x20b2,1984,0.000195250954
0x20b3,1984,0.000195250954
0x20b5,15872,0.001562007629
0x20b7,15872,0.001562007629
0x20b8,15872,0.001562007629
0x20bb,636,0.000062590527
0x20bc,636,0.000062590527
0x20bd,636,0.000062590527
0x20be,636,0.000062590527
0x20bf,15872,0.001562007629
0x20c0,15872,0.001562007629
0x20c1,15872,0.001562007629
0x20c2,15872,0.001562007629
0x20c5,1984,0.000195250954
0x20c6,1984,0.000195250954
0x20c7,1984,0.000195250954
0x20c8,1984,0.000195250954
0x20c9,1984,0.000195250954
0x20cc,992,0.000097625477
0x20cd,992,0.000097625477
0x20cf,992,0.000097625477
0x20d2,912,0.000089752454
0x20d3,912,0.000089752454
0x20d4,912,0.000089752454
0x20d6,912,0.000089752454
0x20d7,912,0.000089752454
0x20d8,912,0.000089752454
0x20da,912,0.000089752454
0x20db,912,0.000089752454
0x20dc,912,0.000089752454
0x20de,912,0.000089752454
0x20e1,80,0.000007873022
0x20e2,80,0.000007873022
0x20e8,80,0.000007873022
0x20e9,80,0.000007873022
0x20ea,80,0.000007873022
0x20ec,80,0.000007873022
0x20ed,80,0.000007873022
0x20f0,80,0.000007873022
0x20f1,80,0.000007873022
0x20f2,80,0.000007873022
0x20f3,80,0.000007873022
0x20f4,80,0.000007873022
0x20f6,80,0.000007873022
0x20f7,80,0.000007873022
0x20f8,80,0.000007873022
0x20fa,80,0.000007873022
0x20fb,80,0.000007873022
0x20fc,80,0.000007873022
0x20fd,80,0.000007873022
0x20fe,80,0.000007873022
0x20ff,80,0.000007873022
0x2101,80,0.000007873022
0x2103,80,0.000007873022
0x2104,80,0.000007873022
0x2106,80,0.000007873022
0x2107,80,0.000007873022
0x2108,80,0.000007873022
0x2109,80,0.000007873022
0x210a,80,0.000007873022
0x210d,80,0.000007873022
0x211c,80,0.000007873022
0x211f,80,0.000007873022
0x2120,80,0.000007873022
0x2122,80,0.000007873022
0x2123,64,0.000006298418
0x2125,64,0.000006298418
0x2130,1958,0.000192692221
0x2131,1958,0.000192692221
0x2132,1958,0.000192692221
0x2135,1465,0.000144174721
0x2137,1465,0.000144174721
0x213a,976,0.000096050872
0x213c,976,0.000096050872
0x213f,488,0.000048025436
0x2150,493,0.000048517500
0x2153,493,0.000048517500
0x2156,493,0.000048517500
0x2160,489,0.000048123849
0x2163,488,0.000048025436
0x2166,488,0.000048025436
0x2169,488,0.000048025436
0x2170,488,0.000048025436
0x2173,488,0.000048025436
0x2180,488,0.000048025436
0x2183,488,0.000048025436
0x2186,488,0.000048025436
0x2189,488,0.000048025436
0x21dc,176,0.000017320649
0x21dd,176,0.000017320649
0x21de,176,0.000017320649
0x21df,176,0.000017320649
0x21e2,176,0.000017320649
0x21e4,176,0.000017320649
0x21e5,176,0.000017320649
0x21e6,176,0.000017320649
0x21e8,176,0.000017320649
0x21e9,176,0.000017320649
0x21eb,176,0.000017320649
0x21ec,176,0.000017320649
0x21ed,176,0.000017320649
0x21ef,176,0.000017320649
0x21f0,176,0.000017320649
0x21f1,176,0.000017320649
0x21f2,176,0.000017320649
0x21f4,176,0.000017320649
0x21f5,176,0.000017320649
0x21f7,176,0.000017320649
0x21f8,176,0.000017320649
0x21f9,176,0.000017320649
0x21fc,176,0.000017320649
0x2230,110,0.000010825406
0x2233,110,0.000010825406
0x2234,110,0.000010825406
0x2235,110,0.000010825406
0x2236,110,0.000010825406
0x2237,110,0.000010825406
0x2239,110,0.000010825406
0x223b,110,0.000010825406
0x223e,106,0.000010431755
0x2240,106,0.000010431755
0x2243,54,0.000005314290
0x2245,54,0.000005314290
0x2247,54,0.000005314290
0x2249,54,0.000005314290
0x224c,2,0.000000196826
0x224f,2,0.000000196826
0x2250,2,0.000000196826
0x2252,2,0.000000196826
0x2254,2,0.000000196826
0x2260,104,0.000010234929
0x2261,104,0.000010234929
0x2262,104,0.000010234929
0x2263,104,0.000010234929
0x2264,104,0.000010234929
0x2265,104,0.000010234929
0x2267,104,0.000010234929
0x2268,104,0.000010234929
0x2269,104,0.000010234929
0x226b,104,0.000010234929
0x226d,104,0.000010234929
0x226e,104,0.000010234929
0x226f,104,0.000010234929
0x2271,104,0.000010234929
0x2272,104,0.000010234929
0x2273,104,0.000010234929
0x2274,104,0.000010234929
0x2275,104,0.000010234929
0x2276,104,0.000010234929
0x2277,104,0.000010234929
0x2278,104,0.000010234929
0x2279,104,0.000010234929
0x227a,1456,0.000143289006
0x227b,13104,0.001289601056
0x227c,13104,0.001289601056
0x227d,13104,0.001289601056
0x227e,13104,0.001289601056
0x227f,13104,0.001289601056
0x2280,13104,0.001289601056
0x2283,1456,0.000143289006
0x2284,1456,0.000143289006
0x2285,1456,0.000143289006
0x2286,1456,0.000143289006
0x2288,1456,0.000143289006
0x2289,1456,0.000143289006
0x228a,1456,0.000143289006
0x228c,1456,0.000143289006
0x228d,1456,0.000143289006
0x228e,1456,0.000143289006
0x2291,104,0.000010234929
0x2292,4,0.000000393651
0x2295,4,0.000000393651
0x2296,4,0.000000393651
0x2298,4,0.000000393651
0x229b,2,0.000000196826
0x229e,2,0.000000196826
0x22a1,2,0.000000196826
0x22a3,832,0.000081879432
0x22a4,832,0.000081879432
0x22a5,832,0.000081879432
0x22a6,832,0.000081879432
0x22a7,832,0.000081879432
0x22a8,832,0.000081879432
0x22a9,832,0.000081879432
0x22aa,832,0.000081879432
0x22ab,832,0.000081879432
0x22ac,832,0.000081879432
0x22ad,832,0.000081879432
0x22b0,2,0.000000196826
0x22b4,72,0.000007085720
0x22b7,72,0.000007085720
0x22ba,72,0.000007085720
0x22bb,72,0.000007085720
0x22bc,72,0.000007085720
0x22be,72,0.000007085720
0x22c1,1,0.000000098413
0x22c3,1,0.000000098413
0x22c5,1,0.000000098413
0x22ca,49,0.000004822226
0x22cd,49,0.000004822226
0x22ce,49,0.000004822226
0x22d0,49,0.000004822226
0x22d3,1,0.000000098413
0x22d5,1,0.000000098413
0x22d7,1,0.000000098413
0x22d9,1,0.000000098413
0x22db,1,0.000000098413
0x22dd,1,0.000000098413
0x22e0,2,0.000000196826
0x22e2,4,0.000000393651
0x22e5,4,0.000000393651
0x22e8,4,0.000000393651
0x22f0,2,0.000000196826
0x22f3,2,0.000000196826
0x22f4,2,0.000000196826
0x22fa,40,0.000003936511
0x22fd,40,0.000003936511
0x22ff,40,0.000003936511
0x2302,40,0.000003936511
0x2303,720,0.000070857201
0x2304,720,0.000070857201
0x2306,720,0.000070857201
0x2307,720,0.000070857201
0x2308,720,0.000070857201
0x2309,720,0.000070857201
0x230a,720,0.000070857201
0x230b,720,0.000070857201
0x230d,720,0.000070857201
0x230e,720,0.000070857201
0x230f,720,0.000070857201
0x2310,720,0.000070857201
0x2312,720,0.000070857201
0x2313,720,0.000070857201
0x2314,720,0.000070857201
0x2316,720,0.000070857201
0x2317,720,0.000070857201
0x231a,80,0.000007873022
0x231b,720,0.000070857201
0x231c,720,0.000070857201
0x231f,40,0.000003936511
0x2322,121,0.000011907946
0x2325,121,0.000011907946
0x2326,121,0.000011907946
0x2327,121,0.000011907946
0x2329,121,0.000011907946
0x232a,121,0.000011907946
0x232b,121,0.000011907946
0x232c,121,0.000011907946
0x232e,121,0.000011907946
0x232f,121,0.000011907946
0x2331,121,0.000011907946
0x2334,121,0.000011907946
0x2337,121,0.000011907946
0x2351,322,0.000031688915
0x2352,322,0.000031688915
0x2354,322,0.000031688915
0x2355,80,0.000007873022
0x2356,80,0.000007873022
0x2357,80,0.000007873022
0x2358,80,0.000007873022
0x235a,80,0.000007873022
0x235b,80,0.000007873022
0x235e,80,0.000007873022
0x235f,80,0.000007873022
0x2360,80,0.000007873022
0x2361,80,0.000007873022
0x2362,80,0.000007873022
0x2364,80,0.000007873022
0x2365,80,0.000007873022
0x2366,80,0.000007873022
0x2368,80,0.000007873022
0x2369,80,0.000007873022
0x236a,80,0.000007873022
0x236b,80,0.000007873022
0x236c,80,0.000007873022
0x236e,80,0.000007873022
0x2370,80,0.000007873022
0x2373,73,0.000007184133
0x2375,73,0.000007184133
0x2377,73,0.000007184133
0x237a,73,0.000007184133
0x237b,7,0.000000688889
0x237c,7,0.000000688889
0x237e,7,0.000000688889
0x237f,7,0.000000688889
0x2381,7,0.000000688889
0x2384,7,0.000000688889
0x2385,7,0.000000688889
0x2386,7,0.000000688889
0x2387,7,0.000000688889
0x2389,7,0.000000688889
0x238a,2,0.000000196826
0x238c,2,0.000000196826
0x238d,2,0.000000196826
0x238e,2,0.000000196826
0x2390,2,0.000000196826
0x2391,2,0.000000196826
0x2393,2,0.000000196826
0x23d6,1215,0.000119571527
0x23d9,1215,0.000119571527
0x23da,1215,0.000119571527
0x23dc,1215,0.000119571527
0x23de,1215,0.000119571527
0x2476,10,0.000000984128
0x2477,10,0.000000984128
0x2478,10,0.000000984128
0x247b,10,0.000000984128
0x247d,10,0.000000984128
0x247e,10,0.000000984128
0x2481,10,0.000000984128
0x2483,10,0.000000984128
0x2484,10,0.000000984128
0x2485,10,0.000000984128
0x2487,10,0.000000984128
0x2488,10,0.000000984128
0x2489,10,0.000000984128
0x248a,10,0.000000984128
0x248c,10,0.000000984128
0x248d,10,0.000000984128
0x248f,10,0.000000984128
0x2490,10,0.000000984128
0x2493,10,0.000000984128
0x2495,10,0.000000984128
0x2496,10,0.000000984128
0x2497,10,0.000000984128
0x2498,10,0.000000984128
0x2499,10,0.000000984128
0x249a,10,0.000000984128
0x249b,7,0.000000688889
0x249c,7,0.000000688889
0x249d,7,0.000000688889
0x249e,5,0.000000492064
0x249f,5,0.000000492064
0x24a0,1958,0.000192692221
0x24a3,1958,0.000192692221
0x24a5,1958,0.000192692221
0x24a7,1958,0.000192692221
0x24a8,322,0.000031688915
0x24ab,322,0.000031688915
0x24ae,322,0.000031688915
0x24b1,322,0.000031688915
0x24b4,322,0.000031688915
0x24b6,322,0.000031688915
0x24b8,322,0.000031688915
0x24b9,80,0.000007873022
0x24c4,977,0.000096149285
0x24c7,977,0.000096149285
0x24c9,977,0.000096149285
0x24cb,977,0.000096149285
0x24ce,161,0.000015844457
0x24d1,161,0.000015844457
0x24d4,161,0.000015844457
0x24d5,161,0.000015844457
0x24d6,161,0.000015844457
0x24d8,161,0.000015844457
0x24db,121,0.000011907946
0x24e0,161,0.000015844457
0x24e3,161,0.000015844457
0x24e5,161,0.000015844457
0x24e6,11,0.000001082541
0x24e9,11,0.000001082541
0x24eb,11,0.000001082541
0x24ec,11,0.000001082541
0x24f2,80,0.000007873022
0x24f5,80,0.000007873022
0x24f7,80,0.000007873022
0x24f8,80,0.000007873022
0x24f9,80,0.000007873022
0x24fc,80,0.000007873022
0x24fe,80,0.000007873022
0x24ff,80,0.000007873022
0x2500,25,0.000002460319
0x2503,25,0.000002460319
0x2504,25,0.000002460319
0x2505,23,0.000002263494
0x2508,23,0.000002263494
0x2509,23,0.000002263494
0x250a,8,0.000000787302
0x250b,8,0.000000787302
0x250d,8,0.000000787302
0x250e,8,0.000000787302
0x2511,8,0.000000787302
0x2512,8,0.000000787302
0x2513,8,0.000000787302
0x2515,8,0.000000787302
0x2517,8,0.000000787302
0x2518,8,0.000000787302
0x2519,8,0.000000787302
0x251a,8,0.000000787302
0x2560,488,0.000048025436
0x2563,488,0.000048025436
0x2564,488,0.000048025436
0x2566,488,0.000048025436
0x2567,488,0.000048025436
0x2568,488,0.000048025436
0x2569,488,0.000048025436
0x256a,488,0.000048025436
0x256b,488,0.000048025436
0x256d,488,0.000048025436
0x256e,488,0.000048025436
0x2570,488,0.000048025436
0x2572,488,0.000048025436
0x2575,488,0.000048025436
0x2576,488,0.000048025436
0x2577,488,0.000048025436
0x2578,488,0.000048025436
0x2579,488,0.000048025436
0x257b,488,0.000048025436
0x257c,488,0.000048025436
0x257f,488,0.000048025436
0x2581,488,0.000048025436
0x2582,488,0.000048025436
0x2585,488,0.000048025436
0x2587,488,0.000048025436
0x2588,3904,0.000384203489
0x2589,3904,0.000384203489
0x258c,3901,0.000383908251
0x258d,3901,0.000383908251
0x258e,3901,0.000383908251
0x2590,3901,0.000383908251
0x2591,3901,0.000383908251
0x2592,3901,0.000383908251
0x2595,485,0.000047730198
0x2596,3904,0.000384203489
0x2597,3904,0.000384203489
0x2599,3904,0.000384203489
0x259a,3572,0.000351530447
0x259b,3572,0.000351530447
0x259c,3572,0.000351530447
0x259e,3572,0.000351530447
0x259f,3572,0.000351530447
0x25a1,3572,0.000351530447
0x25a2,3492,0.000343657424
0x25a3,3492,0.000343657424
0x25a4,3492,0.000343657424
0x25a5,3492,0.000343657424
0x25a6,1214,0.000119473114
0x25a7,1214,0.000119473114
0x25a8,251,0.000024701608
0x25a9,251,0.000024701608
0x25aa,251,0.000024701608
0x25ab,251,0.000024701608
0x25ac,246,0.000024209544
0x25ae,246,0.000024209544
0x25af,3,0.000000295238
0x25b0,3,0.000000295238
0x25b1,3,0.000000295238
0x25b2,3,0.000000295238
0x25b3,3,0.000000295238
0x25b4,3,0.000000295238
0x25b5,3,0.000000295238
0x25b6,3,0.000000295238
0x25b7,36,0.000003542860
0x25ba,36,0.000003542860
0x25bc,36,0.000003542860
0x25be,36,0.000003542860
0x25ca,36,0.000003542860
0x25cd,86,0.000008463499
0x25ce,86,0.000008463499
0x25d0,86,0.000008463499
0x25d3,67,0.000006593656
0x25d4,67,0.000006593656
0x25d6,67,0.000006593656
0x25d7,67,0.000006593656
0x25d8,67,0.000006593656
0x25db,17,0.000001673017
0x25dc,17,0.000001673017
0x25dd,17,0.000001673017
0x25e0,19,0.000001869843
0x25e1,19,0.000001869843
0x25e3,19,0.000001869843
0x25e4,19,0.000001869843
0x25e5,19,0.000001869843
0x25e7,19,0.000001869843
0x25e8,19,0.000001869843
0x25ea,19,0.000001869843
0x25eb,19,0.000001869843
0x25ec,19,0.000001869843
0x25ed,19,0.000001869843
0x25ef,19,0.000001869843
0x25f0,19,0.000001869843
0x25f1,19,0.000001869843
0x25f3,19,0.000001869843
0x25f4,19,0.000001869843
0x25f6,19,0.000001869843
0x25f7,19,0.000001869843
0x25f8,19,0.000001869843
0x25f9,19,0.000001869843
0x25fa,19,0.000001869843
0x25fb,19,0.000001869843
0x25fc,19,0.000001869843
0x25fd,19,0.000001869843
0x2600,632,0.000062196876
0x2601,632,0.000062196876
0x2602,632,0.000062196876
0x2603,632,0.000062196876
0x2604,632,0.000062196876
0x2605,632,0.000062196876
0x2608,632,0.000062196876
0x2609,632,0.000062196876
0x260a,632,0.000062196876
0x260b,632,0.000062196876
0x260c,632,0.000062196876
0x260e,632,0.000062196876
0x2611,632,0.000062196876
0x2612,632,0.000062196876
0x2613,632,0.000062196876
0x2616,632,0.000062196876
0x2617,632,0.000062196876
0x261a,361,0.000035527013
0x261d,361,0.000035527013
0x261e,361,0.000035527013
0x2620,361,0.000035527013
0x2621,361,0.000035527013
0x2624,361,0.000035527013
0x2625,361,0.000035527013
0x2626,361,0.000035527013
0x2628,361,0.000035527013
0x2629,361,0.000035527013
0x262b,361,0.000035527013
0x262c,361,0.000035527013
0x262e,361,0.000035527013
0x262f,361,0.000035527013
0x2630,361,0.000035527013
0x2631,361,0.000035527013
0x2633,361,0.000035527013
0x2634,361,0.000035527013
0x2635,361,0.000035527013
0x2638,361,0.000035527013
0x2639,632,0.000062196876
0x263c,632,0.000062196876
0x263f,632,0.000062196876
0x2642,632,0.000062196876
0x2643,632,0.000062196876
0x2646,316,0.000031098438
0x2649,316,0.000031098438
0x2650,271,0.000026669863
0x2651,271,0.000026669863
0x2654,271,0.000026669863
0x2655,271,0.000026669863
0x2656,271,0.000026669863
0x2658,271,0.000026669863
0x2659,271,0.000026669863
0x265b,271,0.000026669863
0x265c,271,0.000026669863
0x265e,271,0.000026669863
0x2661,271,0.000026669863
0x2662,271,0.000026669863
0x2668,316,0.000031098438
0x266b,316,0.000031098438
0x266c,316,0.000031098438
0x266d,316,0.000031098438
0x2670,316,0.000031098438
0x2672,316,0.000031098438
0x2676,316,0.000031098438
0x2678,316,0.000031098438
0x267c,316,0.000031098438
0x267f,316,0.000031098438
0x2681,316,0.000031098438
0x2684,316,0.000031098438
0x2685,316,0.000031098438
0x2688,316,0.000031098438
0x268a,316,0.000031098438
0x268b,316,0.000031098438
0x268d,316,0.000031098438
0x268e,316,0.000031098438
0x268f,316,0.000031098438
0x2692,315,0.000031000025
0x2693,316,0.000031098438
0x2694,316,0.000031098438
0x2697,316,0.000031098438
0x2699,316,0.000031098438
0x269d,316,0.000031098438
0x269f,316,0.000031098438
0x26a3,316,0.000031098438
0x26a4,316,0.000031098438
0x26a7,316,0.000031098438
0x26aa,316,0.000031098438
0x26ad,316,0.000031098438
0x26ae,316,0.000031098438
0x26af,316,0.000031098438
0x26b0,316,0.000031098438
0x26b1,63,0.000006200005
0x26b2,63,0.000006200005
0x26b4,63,0.000006200005
0x26b5,63,0.000006200005
0x26b7,63,0.000006200005
0x26b8,63,0.000006200005
0x26ba,63,0.000006200005
0x26bb,10,0.000000984128
0x26bc,10,0.000000984128
0x26bd,10,0.000000984128
0x26be,10,0.000000984128
0x26bf,10,0.000000984128
0x26c2,10,0.000000984128
0x26c4,10,0.000000984128
0x26c6,10,0.000000984128
0x26c7,10,0.000000984128
0x26c8,10,0.000000984128
0x26ca,10,0.000000984128
0x26cb,10,0.000000984128
0x26cc,10,0.000000984128
0x26d0,316,0.000031098438
0x26d3,316,0.000031098438
0x26d6,316,0.000031098438
0x26d9,2528,0.000248787505
0x26da,2528,0.000248787505
0x26db,2528,0.000248787505
0x26de,1997,0.000196530320
0x26df,1997,0.000196530320
0x26e0,1997,0.000196530320
0x26e3,316,0.000031098438
0x26e4,1997,0.000196530320
0x26e5,2528,0.000248787505
0x26e6,2528,0.000248787505
0x26e7,2528,0.000248787505
0x26e8,2528,0.000248787505
0x26e9,2528,0.000248787505
0x26eb,2528,0.000248787505
0x26ee,316,0.000031098438
0x26f1,316,0.000031098438
0x26f2,316,0.000031098438
0x26f3,316,0.000031098438
0x26f5,316,0.000031098438
0x26f8,316,0.000031098438
0x26f9,316,0.000031098438
0x26fa,316,0.000031098438
0x26fd,316,0.000031098438
0x2700,2277,0.000224085898
0x2703,2277,0.000224085898
0x2704,2277,0.000224085898
0x2705,2277,0.000224085898
0x2706,2276,0.000223987485
0x2707,2276,0.000223987485
0x2708,2276,0.000223987485
0x270a,2276,0.000223987485
0x270b,2276,0.000223987485
0x270c,2276,0.000223987485
0x270e,2276,0.000223987485
0x270f,2276,0.000223987485
0x2711,2276,0.000223987485
0x2714,2276,0.000223987485
0x2717,9104,0.000895949940
0x271a,9104,0.000895949940
0x271b,9104,0.000895949940
0x271c,9104,0.000895949940
0x271d,9104,0.000895949940
0x271e,9104,0.000895949940
0x2720,9104,0.000895949940
0x2723,2276,0.000223987485
0x2725,2276,0.000223987485
0x2728,2276,0.000223987485
0x272a,2276,0.000223987485
0x2739,2276,0.000223987485
0x273c,2276,0.000223987485
0x273d,2276,0.000223987485
0x2740,2276,0.000223987485
0x2743,2276,0.000223987485
0x2748,9104,0.000895949940
0x2749,9104,0.000895949940
0x274a,9104,0.000895949940
0x274c,9104,0.000895949940
0x274d,6,0.000000590477
0x274e,6,0.000000590477
0x274f,6,0.000000590477
0x2750,3,0.000000295238
0x2751,3,0.000000295238
0x2752,3,0.000000295238
0x2753,3,0.000000295238
0x2754,3,0.000000295238
0x2755,3,0.000000295238
0x2757,3,0.000000295238
0x2758,3,0.000000295238
0x2759,3,0.000000295238
0x275b,3,0.000000295238
0x275c,3,0.000000295238
0x275f,3,0.000000295238
0x2760,3,0.000000295238
0x2761,3,0.000000295238
0x2764,3,0.000000295238
0x2768,3,0.000000295238
0x2769,3,0.000000295238
0x276c,3,0.000000295238
0x276e,3,0.000000295238
0x2771,3,0.000000295238
0x2772,3,0.000000295238
0x2778,3,0.000000295238
0x277b,3,0.000000295238
0x277c,3,0.000000295238
0x277f,3,0.000000295238
0x2780,3,0.000000295238
0x2781,3,0.000000295238
0x2782,3,0.000000295238
0x2783,3,0.000000295238
0x2784,3,0.000000295238
0x2785,3,0.000000295238
0x2786,3,0.000000295238
0x2789,3,0.000000295238
0x27a8,2276,0.000223987485
0x27ab,2276,0.000223987485
0x27ac,2276,0.000223987485
0x27af,2276,0.000223987485
0x27b0,2276,0.000223987485
0x27b1,2276,0.000223987485
0x27b4,2276,0.000223987485
0x27b6,2276,0.000223987485
0x27b7,2276,0.000223987485
0x27b8,2276,0.000223987485
0x27ba,2276,0.000223987485
0x27bd,1892,0.000186196978
0x27c0,1892,0.000186196978
0x27c1,1892,0.000186196978
0x27c2,1892,0.000186196978
0x27c5,1844,0.000181473165
0x27c7,1844,0.000181473165
0x27c8,1844,0.000181473165
0x27c9,1844,0.000181473165
0x27e2,48,0.000004723813
0x27e4,48,0.000004723813
0x27e9,48,0.000004723813
0x27ea,48,0.000004723813
0x27ec,48,0.000004723813
0x27ee,48,0.000004723813
0x3000,493,0.000048517500
0x3003,493,0.000048517500
0x3004,493,0.000048517500
0x3005,493,0.000048517500
0x3007,493,0.000048517500
0x300a,493,0.000048517500
0x300b,493,0.000048517500
0x300c,493,0.000048517500
0x300d,493,0.000048517500
0x300e,493,0.000048517500
0x300f,493,0.000048517500
0x3010,493,0.000048517500
0x3011,493,0.000048517500
0x3012,59,0.000005806354
0x3028,63,0.000006200005
0x302b,63,0.000006200005
0x302c,63,0.000006200005
0x302e,63,0.000006200005
0x302f,63,0.000006200005
0x3031,63,0.000006200005
0x3032,63,0.000006200005
0x3034,63,0.000006200005
0x3035,63,0.000006200005
0x3037,63,0.000006200005
0x3038,63,0.000006200005
0x3039,63,0.000006200005
0x303c,58,0.000005707941
0x303d,58,0.000005707941
0x305c,5,0.000000492064
0x305f,5,0.000000492064
0x3062,5,0.000000492064
0x3063,5,0.000000492064
0x3064,5,0.000000492064
0x3065,5,0.000000492064
0x3066,5,0.000000492064
0x3067,5,0.000000492064
0x3068,5,0.000000492064
0x306a,5,0.000000492064
0x306c,5,0.000000492064
0x306d,5,0.000000492064
0x3074,20,0.000001968256
0x3077,20,0.000001968256
0x3078,20,0.000001968256
0x3079,20,0.000001968256
0x307a,20,0.000001968256
0x307c,20,0.000001968256
0x307d,20,0.000001968256
0x307f,20,0.000001968256
0x3080,20,0.000001968256
0x3081,20,0.000001968256
0x3082,20,0.000001968256
0x3084,20,0.000001968256
0x3089,20,0.000001968256
0x308a,20,0.000001968256
0x308b,20,0.000001968256
0x308c,20,0.000001968256
0x308d,20,0.000001968256
0x308f,20,0.000001968256
0x3090,20,0.000001968256
0x3092,20,0.000001968256
0x3093,20,0.000001968256
0x3094,20,0.000001968256
0x3095,20,0.000001968256
0x3098,20,0.000001968256
0x309a,20,0.000001968256
0x309f,20,0.000001968256
0x30a0,20,0.000001968256
0x30a1,20,0.000001968256
0x30a4,20,0.000001968256
0x30a6,20,0.000001968256
0x30a7,20,0.000001968256
0x30a8,20,0.000001968256
0x30aa,762,0.000074990538
0x30ad,762,0.000074990538
0x30ae,762,0.000074990538
0x30af,762,0.000074990538
0x30b0,762,0.000074990538
0x30b1,762,0.000074990538
0x30b3,762,0.000074990538
0x30b5,762,0.000074990538
0x30b6,762,0.000074990538
0x30b8,762,0.000074990538
0x30ba,62,0.000006101592
0x30bd,62,0.000006101592
0x30c0,62,0.000006101592
0x30c3,62,0.000006101592
0x30c6,62,0.000006101592
0x30c8,62,0.000006101592
0x30c9,62,0.000006101592
0x30ca,62,0.000006101592
0x30cb,62,0.000006101592
0x30cd,62,0.000006101592
0x30ce,62,0.000006101592
0x30cf,62,0.000006101592
0x30d2,47,0.000004625401
0x30d3,47,0.000004625401
0x30d4,10,0.000000984128
0x30d6,10,0.000000984128
0x30d8,10,0.000000984128
0x30da,186,0.000018304777
0x30db,186,0.000018304777
0x30dc,186,0.000018304777
0x30dd,186,0.000018304777
0x30de,121,0.000011907946
0x30df,121,0.000011907946
0x30e4,15,0.000001476192
0x30e7,15,0.000001476192
0x30ea,15,0.000001476192
0x30eb,15,0.000001476192
0x30ed,15,0.000001476192
0x30f2,15,0.000001476192
0x30f3,15,0.000001476192
0x30f5,15,0.000001476192
0x30f6,15,0.000001476192
0x30f7,15,0.000001476192
0x30f8,15,0.000001476192
0x30fa,15,0.000001476192
0x30fc,15,0.000001476192
0x30ff,15,0.000001476192
0x3102,15,0.000001476192
0x3105,15,0.000001476192
0x3106,15,0.000001476192
0x3107,15,0.000001476192
0x3108,15,0.000001476192
0x310a,15,0.000001476192
0x310c,15,0.000001476192
0x310e,15,0.000001476192
0x310f,15,0.000001476192
0x3112,45,0.000004428575
0x3113,45,0.000004428575
0x3114,45,0.000004428575
0x3115,45,0.000004428575
0x3116,30,0.000002952383
0x3117,30,0.000002952383
0x3118,30,0.000002952383
0x311a,30,0.000002952383
0x311b,30,0.000002952383
0x311c,30,0.000002952383
0x311d,30,0.000002952383
0x311e,15,0.000001476192
0x311f,15,0.000001476192
0x3121,15,0.000001476192
0x3124,62,0.000006101592
0x3127,62,0.000006101592
0x3128,62,0.000006101592
0x312a,62,0.000006101592
0x312b,10,0.000000984128
0x312d,10,0.000000984128
0x312f,10,0.000000984128
0x3130,10,0.000000984128
0x3131,10,0.000000984128
0x3132,10,0.000000984128
0x3134,10,0.000000984128
0x3136,10,0.000000984128
0x3138,10,0.000000984128
0x313d,10,0.000000984128
0x313f,10,0.000000984128
0x3140,10,0.000000984128
0x3141,10,0.000000984128
0x3144,10,0.000000984128
0x3145,10,0.000000984128
0x3146,10,0.000000984128
0x3149,7,0.000000688889
0x314b,10,0.000000984128
0x314d,10,0.000000984128
0x314e,10,0.000000984128
0x315a,62,0.000006101592
0x315d,62,0.000006101592
0x315e,62,0.000006101592
0x3160,62,0.000006101592
0x3161,10,0.000000984128
0x3164,10,0.000000984128
0x3165,10,0.000000984128
0x3166,10,0.000000984128
0x3167,10,0.000000984128
0x3169,10,0.000000984128
0x316a,10,0.000000984128
0x316c,10,0.000000984128
0x316d,10,0.000000984128
0x316e,10,0.000000984128
0x316f,10,0.000000984128
0x3171,10,0.000000984128
0x3172,10,0.000000984128
0x3174,10,0.000000984128
0x3176,10,0.000000984128
0x3177,10,0.000000984128
0x3178,10,0.000000984128
0x3179,11,0.000001082541
0x317c,1,0.000000098413
0x317d,1,0.000000098413
0x317e,1,0.000000098413
0x317f,1,0.000000098413
0x3180,1,0.000000098413
0x3181,1,0.000000098413
0x3182,1,0.000000098413
0x3183,1,0.000000098413
0x318a,1,0.000000098413
0x318b,1,0.000000098413
0x3192,11,0.000001082541
0x3193,11,0.000001082541
0x3195,11,0.000001082541
0x3196,10,0.000000984128
0x3199,10,0.000000984128
0x319a,10,0.000000984128
0x319b,10,0.000000984128
0x319e,10,0.000000984128
0x319f,10,0.000000984128
0x31a0,10,0.000000984128
0x31a1,10,0.000000984128
0x31a2,10,0.000000984128
0x31a3,10,0.000000984128
0x31a4,10,0.000000984128
0x31a7,10,0.000000984128
0x31a9,10,0.000000984128
0x31ac,10,0.000000984128
0x31ad,10,0.000000984128
0x31b4,62,0.000006101592
0x31b7,62,0.000006101592
0x31b9,62,0.000006101592
0x31ba,10,0.000000984128
0x31bd,10,0.000000984128
0x31bf,10,0.000000984128
0x31c0,10,0.000000984128
0x31c2,10,0.000000984128
0x31c3,10,0.000000984128
0x31c5,10,0.000000984128
0x31c6,10,0.000000984128
0x31c7,10,0.000000984128
0x31c8,10,0.000000984128
0x31cb,10,0.000000984128
0x31cd,10,0.000000984128
0x31ce,10,0.000000984128
0x31d1,7,0.000000688889
0x31d2,7,0.000000688889
0x31d3,7,0.000000688889
0x31d4,7,0.000000688889
0x31d6,10,0.000000984128
0x31d7,10,0.000000984128
0x31d8,10,0.000000984128
0x31d9,10,0.000000984128
0x31da,10,0.000000984128
0x31dc,10,0.000000984128
0x31de,10,0.000000984128
0x31df,10,0.000000984128
0x31e1,10,0.000000984128
0x31e2,10,0.000000984128
0x31e3,10,0.000000984128
0x31e4,10,0.000000984128
0x31e5,10,0.000000984128
0x31e6,10,0.000000984128
0x31e7,10,0.000000984128
0x31e8,10,0.000000984128
0x31e9,10,0.000000984128
0x31ec,10,0.000000984128
0x31ed,10,0.000000984128
0x31f0,10,0.000000984128
0x31f1,10,0.000000984128
0x31f2,10,0.000000984128
0x31f4,10,0.000000984128
0x31f5,10,0.000000984128
0x31f7,10,0.000000984128
0x31f8,10,0.000000984128
0x31fb,10,0.000000984128
0x31fd,10,0.000000984128
0x31fe,10,0.000000984128
0x31ff,10,0.000000984128
0x3201,10,0.000000984128
0x3202,10,0.000000984128
0x3203,10,0.000000984128
0x3204,10,0.000000984128
0x3207,10,0.000000984128
0x3209,10,0.000000984128
0x320a,10,0.000000984128
0x320b,10,0.000000984128
0x320c,10,0.000000984128
0x320d,10,0.000000984128
0x3210,10,0.000000984128
0x3213,10,0.000000984128
0x3215,10,0.000000984128
0x3216,7,0.000000688889
0x3217,7,0.000000688889
0x3219,7,0.000000688889
0x321b,7,0.000000688889
0x322c,59,0.000005806354
0x322f,59,0.000005806354
0x3231,59,0.000005806354
0x3264,64,0.000006298418
0x3267,64,0.000006298418
0x3268,64,0.000006298418
0x326b,64,0.000006298418
0x326c,64,0.000006298418
0x326e,64,0.000006298418
0x326f,64,0.000006298418
0x3271,64,0.000006298418
0x3272,64,0.000006298418
0x3274,64,0.000006298418
0x3275,10,0.000000984128
0x3277,10,0.000000984128
0x3279,10,0.000000984128
0x327a,10,0.000000984128
0x327b,10,0.000000984128
0x327c,10,0.000000984128
0x327e,10,0.000000984128
0x3281,10,0.000000984128
0x3282,10,0.000000984128
0x3285,10,0.000000984128
0x3286,10,0.000000984128
0x3287,10,0.000000984128
0x3289,10,0.000000984128
0x328a,10,0.000000984128
0x328b,10,0.000000984128
0x328d,10,0.000000984128
0x328e,10,0.000000984128
0x328f,16,0.000001574604
0x3290,16,0.000001574604
0x3291,16,0.000001574604
0x3292,16,0.000001574604
0x3295,16,0.000001574604
0x3296,16,0.000001574604
0x3297,16,0.000001574604
0x329a,16,0.000001574604
0x329b,16,0.000001574604
0x329e,16,0.000001574604
0x329f,16,0.000001574604
0x32a0,16,0.000001574604
0x32a3,16,0.000001574604
0x32a4,16,0.000001574604
0x32a5,16,0.000001574604
0x32a6,16,0.000001574604
0x32ab,16,0.000001574604
0x32ac,16,0.000001574604
0x32af,10,0.000000984128
0x32b0,12,0.000001180953
0x32b3,12,0.000001180953
0x32b5,12,0.000001180953
0x32b8,12,0.000001180953
0x32ba,12,0.000001180953
0x32bc,12,0.000001180953
0x32bf,12,0.000001180953
0x32c2,12,0.000001180953
0x32c3,12,0.000001180953
0x32c4,2,0.000000196826
0x32c5,2,0.000000196826
0x32c6,2,0.000000196826
0x32c7,2,0.000000196826
0x32c8,2,0.000000196826
0x32cb,2,0.000000196826
0x32cd,2,0.000000196826
0x32d0,2,0.000000196826
0x32d2,2,0.000000196826
0x32d4,2,0.000000196826
0x32d6,2,0.000000196826
0x32d7,2,0.000000196826
0x32d9,2,0.000000196826
0x32da,2,0.000000196826
0x32dc,2,0.000000196826
0x32dd,2,0.000000196826
0x32de,2,0.000000196826
0x32e1,2,0.000000196826
0x32e2,2,0.000000196826
0x32e3,2,0.000000196826
0x3400,632,0.000062196876
0x3403,632,0.000062196876
0x3406,632,0.000062196876
0x3409,632,0.000062196876
0x340c,632,0.000062196876
0x340f,632,0.000062196876
0x3412,632,0.000062196876
0x3413,632,0.000062196876
0x3416,632,0.000062196876
0x3418,632,0.000062196876
0x3438,632,0.000062196876
0x343b,632,0.000062196876
0x343c,632,0.000062196876
0x343f,316,0.000031098438
0x3442,316,0.000031098438
0x3445,316,0.000031098438
0x3448,316,0.000031098438
0x344b,316,0.000031098438
0x3452,316,0.000031098438
0x3455,316,0.000031098438
0x3458,316,0.000031098438
0x345b,316,0.000031098438
0x3474,316,0.000031098438
0x3477,1264,0.000124393753
0x3478,1264,0.000124393753
0x347b,1264,0.000124393753
0x347c,1264,0.000124393753
0x347d,1264,0.000124393753
0x347f,1264,0.000124393753
0x3480,1264,0.000124393753
0x3482,1264,0.000124393753
0x3485,316,0.000031098438
0x3486,316,0.000031098438
0x3489,1264,0.000124393753
0x348a,1264,0.000124393753
0x348d,1264,0.000124393753
0x348e,1264,0.000124393753
0x348f,1264,0.000124393753
0x3491,1264,0.000124393753
0x3492,1264,0.000124393753
0x3494,1264,0.000124393753
0x3497,316,0.000031098438
0x3498,316,0.000031098438
0x349b,1264,0.000124393753
0x349c,1264,0.000124393753
0x349f,1264,0.000124393753
0x34a0,1264,0.000124393753
0x34a1,1264,0.000124393753
0x34a3,1264,0.000124393753
0x34a4,1264,0.000124393753
0x34a6,1264,0.000124393753
0x34a9,316,0.000031098438
0x34aa,316,0.000031098438
0x34ad,1264,0.000124393753
0x34ae,1264,0.000124393753
0x34b1,1264,0.000124393753
0x34b2,1264,0.000124393753
0x34b3,1264,0.000124393753
0x34b5,1264,0.000124393753
0x34b6,1264,0.000124393753
0x34b8,1264,0.000124393753
0x34bb,316,0.000031098438
0x34c0,2704,0.000266108154
0x34c1,2704,0.000266108154
0x34c2,2704,0.000266108154
0x34c3,2174,0.000213949382
0x34c4,2174,0.000213949382
0x34c6,2174,0.000213949382
0x34c7,2174,0.000213949382
0x34c9,2174,0.000213949382
0x34ca,2174,0.000213949382
0x34cb,2174,0.000213949382
0x34cc,2174,0.000213949382
0x34cd,2174,0.000213949382
0x34ce,2174,0.000213949382
0x34cf,2174,0.000213949382
0x34d0,2174,0.000213949382
0x34d1,2174,0.000213949382
0x34d2,2174,0.000213949382
0x34d3,2174,0.000213949382
0x34d4,2174,0.000213949382
0x34d5,2174,0.000213949382
0x34d7,2174,0.000213949382
0x34d8,2174,0.000213949382
0x34da,2174,0.000213949382
0x34db,2174,0.000213949382
0x34dc,2174,0.000213949382
0x34dd,2174,0.000213949382
0x34de,2177,0.000214244620
0x34df,2177,0.000214244620
0x34e1,2177,0.000214244620
0x34e4,252,0.000024800020
0x34e5,252,0.000024800020
0x34e7,252,0.000024800020
0x34ea,101,0.000009939691
0x34ec,101,0.000009939691
0x34ed,101,0.000009939691
0x34ee,101,0.000009939691
0x34f0,101,0.000009939691
0x34f1,101,0.000009939691
0x34f3,101,0.000009939691
0x34f6,48,0.000004723813
0x34f8,48,0.000004723813
0x34f9,48,0.000004723813
0x34fa,48,0.000004723813
0x34fc,48,0.000004723813
0x34fd,48,0.000004723813
0x34ff,48,0.000004723813
0x3509,101,0.000009939691
0x350a,101,0.000009939691
0x350b,101,0.000009939691
0x350c,2177,0.000214244620
0x350e,2177,0.000214244620
0x350f,2177,0.000214244620
0x3512,2177,0.000214244620
0x3513,2177,0.000214244620
0x3515,2177,0.000214244620
0x3516,2177,0.000214244620
0x3518,2177,0.000214244620
0x3519,2177,0.000214244620
0x3520,16,0.000001574604
0x3521,16,0.000001574604
0x3522,16,0.000001574604
0x3523,16,0.000001574604
0x3524,16,0.000001574604
0x3525,16,0.000001574604
0x3526,16,0.000001574604
0x3527,16,0.000001574604
0x3528,683,0.000067215928
0x3529,683,0.000067215928
0x352a,683,0.000067215928
0x352b,683,0.000067215928
0x352c,683,0.000067215928
0x352d,683,0.000067215928
0x352e,683,0.000067215928
0x352f,683,0.000067215928
0x3530,817,0.000080403240
0x3531,817,0.000080403240
0x3532,817,0.000080403240
0x3533,817,0.000080403240
0x3534,817,0.000080403240
0x3535,817,0.000080403240
0x3536,817,0.000080403240
0x3537,817,0.000080403240
0x3538,962,0.000094673093
0x3539,962,0.000094673093
0x353a,962,0.000094673093
0x353b,962,0.000094673093
0x353c,962,0.000094673093
0x353d,962,0.000094673093
0x353e,962,0.000094673093
0x353f,962,0.000094673093
0x3540,2146,0.000211193824
0x3541,2146,0.000211193824
0x3542,2146,0.000211193824
0x3543,2146,0.000211193824
0x3544,2146,0.000211193824
0x3545,2146,0.000211193824
0x3546,2146,0.000211193824
0x3547,2146,0.000211193824
0x3548,2330,0.000229301775
0x3549,2330,0.000229301775
0x354a,2330,0.000229301775
0x354b,2330,0.000229301775
0x354c,2330,0.000229301775
0x354d,2330,0.000229301775
0x354e,2330,0.000229301775
0x354f,2330,0.000229301775
0x3550,2346,0.000230876380
0x3551,2346,0.000230876380
0x3552,2346,0.000230876380
0x3553,2346,0.000230876380
0x3554,2346,0.000230876380
0x3555,2346,0.000230876380
0x3556,2346,0.000230876380
0x3557,2346,0.000230876380
0x3558,2346,0.000230876380
0x355a,2346,0.000230876380
0x355b,2346,0.000230876380
0x355d,2346,0.000230876380
0x3560,632,0.000062196876
0x3563,632,0.000062196876
0x3564,632,0.000062196876
0x3565,632,0.000062196876
0x3566,632,0.000062196876
0x3567,632,0.000062196876
0x3568,632,0.000062196876
0x3569,632,0.000062196876
0x356a,632,0.000062196876
0x356d,632,0.000062196876
0x3570,632,0.000062196876
0x3572,632,0.000062196876
0x3577,632,0.000062196876
0x3579,632,0.000062196876
0x357a,632,0.000062196876
0x357b,632,0.000062196876
0x357e,632,0.000062196876
0x357f,632,0.000062196876
0x3581,632,0.000062196876
0x3584,632,0.000062196876
0x3586,632,0.000062196876
0x3587,632,0.000062196876
0x3588,632,0.000062196876
0x3589,632,0.000062196876
0x358c,632,0.000062196876
0x358d,632,0.000062196876
0x358e,632,0.000062196876
0x3590,632,0.000062196876
0x3591,632,0.000062196876
0x3593,632,0.000062196876
0x3594,632,0.000062196876
0x3596,632,0.000062196876
0x3597,632,0.000062196876
0x359a,632,0.000062196876
0x359b,632,0.000062196876
0x359c,632,0.000062196876
0x359d,632,0.000062196876
0x359f,632,0.000062196876
0x35a2,632,0.000062196876
0x35b0,2528,0.000248787505
0x35b1,2528,0.000248787505
0x35b2,2528,0.000248787505
0x35b3,1998,0.000196628732
0x35b4,1998,0.000196628732
0x35b5,1998,0.000196628732
0x35b6,1998,0.000196628732
0x35b7,1998,0.000196628732
0x35b8,1998,0.000196628732
0x35b9,1998,0.000196628732
0x35ba,1998,0.000196628732
0x35bd,1784,0.000175568398
0x35be,1998,0.000196628732
0x35bf,1998,0.000196628732
0x35c0,1998,0.000196628732
0x35c1,1998,0.000196628732
0x35c2,1998,0.000196628732
0x35c3,1998,0.000196628732
0x35c4,1998,0.000196628732
0x35c5,1998,0.000196628732
0x35c7,1998,0.000196628732
0x35c8,1998,0.000196628732
0x35c9,1998,0.000196628732
0x35ca,1998,0.000196628732
0x35cb,1998,0.000196628732
0x35cc,1998,0.000196628732
0x35cd,1998,0.000196628732
0x35ce,1998,0.000196628732
0x35cf,1998,0.000196628732
0x35d0,1998,0.000196628732
0x35d1,1998,0.000196628732
0x35d2,1998,0.000196628732
0x35d3,1998,0.000196628732
0x35d4,1998,0.000196628732
0x35d5,1998,0.000196628732
0x35d6,1998,0.000196628732
0x35d7,1998,0.000196628732
0x35d8,1998,0.000196628732
0x35d9,1998,0.000196628732
0x35da,1998,0.000196628732
0x35db,1998,0.000196628732
0x35e0,1468,0.000144469960
0x35e1,1468,0.000144469960
0x35e2,1468,0.000144469960
0x35e3,1468,0.000144469960
0x35e5,1468,0.000144469960
0x35e8,774,0.000076171491
0x35e9,774,0.000076171491
0x35ea,774,0.000076171491
0x35eb,774,0.000076171491
0x35ec,774,0.000076171491
0x35ed,774,0.000076171491
0x35ee,774,0.000076171491
0x35ef,774,0.000076171491
0x35f0,774,0.000076171491
0x35f1,774,0.000076171491
0x35f3,774,0.000076171491
0x35f6,224,0.000022044462
0x35f8,224,0.000022044462
0x35f9,224,0.000022044462
0x35fa,224,0.000022044462
0x35fb,224,0.000022044462
0x35fd,224,0.000022044462
0x35fe,224,0.000022044462
0x3601,29,0.000002853971
0x3602,29,0.000002853971
0x3603,29,0.000002853971
0x3604,224,0.000022044462
0x3605,224,0.000022044462
0x3606,224,0.000022044462
0x3607,224,0.000022044462
0x3608,224,0.000022044462
0x3609,224,0.000022044462
0x360a,224,0.000022044462
0x360b,224,0.000022044462
0x360c,224,0.000022044462
0x360e,224,0.000022044462
0x360f,224,0.000022044462
0x3612,206,0.000020273032
0x3613,206,0.000020273032
0x3614,206,0.000020273032
0x3615,206,0.000020273032
0x3616,206,0.000020273032
0x3618,206,0.000020273032
0x3619,206,0.000020273032
0x361a,206,0.000020273032
0x361b,206,0.000020273032
0x361c,139,0.000013679376
0x361f,139,0.000013679376
0x3620,139,0.000013679376
0x3621,139,0.000013679376
0x3622,50,0.000004920639
0x3623,50,0.000004920639
0x3624,50,0.000004920639
0x3628,694,0.000068298469
0x362a,694,0.000068298469
0x362d,677,0.000066625451
0x362e,677,0.000066625451
0x362f,677,0.000066625451
0x3630,677,0.000066625451
0x3631,677,0.000066625451
0x3632,677,0.000066625451
0x3633,677,0.000066625451
0x3634,677,0.000066625451
0x3635,677,0.000066625451
0x3636,677,0.000066625451
0x3637,677,0.000066625451
0x363a,210,0.000020666684
0x363c,210,0.000020666684
0x363d,210,0.000020666684
0x363e,210,0.000020666684
0x363f,210,0.000020666684
0x3641,210,0.000020666684
0x3642,210,0.000020666684
0x3645,28,0.000002755558
0x3646,28,0.000002755558
0x3647,28,0.000002755558
0x3648,210,0.000020666684
0x3649,210,0.000020666684
0x364a,210,0.000020666684
0x364b,210,0.000020666684
0x364c,210,0.000020666684
0x364d,210,0.000020666684
0x364e,210,0.000020666684
0x364f,210,0.000020666684
0x3650,210,0.000020666684
0x3651,210,0.000020666684
0x3652,210,0.000020666684
0x3654,210,0.000020666684
0x3655,210,0.000020666684
0x3656,210,0.000020666684
0x3657,210,0.000020666684
0x365a,160,0.000015746045
0x365d,160,0.000015746045
0x365e,160,0.000015746045
0x3661,44,0.000004330162
0x3662,44,0.000004330162
0x3663,210,0.000020666684
0x3665,210,0.000020666684
0x3666,210,0.000020666684
0x366a,550,0.000054127028
0x366b,550,0.000054127028
0x366c,550,0.000054127028
0x366d,19,0.000001869843
0x366e,19,0.000001869843
0x366f,19,0.000001869843
0x3670,19,0.000001869843
0x3671,19,0.000001869843
0x3672,18,0.000001771430
0x3673,18,0.000001771430
0x3674,18,0.000001771430
0x3675,18,0.000001771430
0x3676,18,0.000001771430
0x3679,18,0.000001771430
0x367b,18,0.000001771430
0x367c,18,0.000001771430
0x367f,18,0.000001771430
0x3680,18,0.000001771430
0x3683,18,0.000001771430
0x3684,18,0.000001771430
0x3686,18,0.000001771430
0x3689,18,0.000001771430
0x368a,18,0.000001771430
0x368b,18,0.000001771430
0x368d,18,0.000001771430
0x368e,17,0.000001673017
0x3690,17,0.000001673017
0x3691,13,0.000001279366
0x3692,13,0.000001279366
0x3695,467,0.000045958768
0x3696,467,0.000045958768
0x3697,467,0.000045958768
0x3698,467,0.000045958768
0x3699,467,0.000045958768
0x369a,467,0.000045958768
0x369b,467,0.000045958768
0x369c,467,0.000045958768
0x369d,12,0.000001180953
0x369e,12,0.000001180953
0x36a0,12,0.000001180953
0x36a1,12,0.000001180953
0x36a4,12,0.000001180953
0x36a6,12,0.000001180953
0x36a7,12,0.000001180953
0x36aa,11,0.000001082541
0x36ab,12,0.000001180953
0x36ae,12,0.000001180953
0x36b0,12,0.000001180953
0x36b3,12,0.000001180953
0x36b4,12,0.000001180953
0x36b6,12,0.000001180953
0x36b7,12,0.000001180953
0x36b9,12,0.000001180953
0x36ba,12,0.000001180953
0x36bb,12,0.000001180953
0x36c0,530,0.000052158773
0x36c1,530,0.000052158773
0x36c2,530,0.000052158773
0x36c3,265,0.000026079386
0x36c4,265,0.000026079386
0x36c5,265,0.000026079386
0x36c6,265,0.000026079386
0x36c8,265,0.000026079386
0x36c9,265,0.000026079386
0x36d2,640,0.000062984179
0x36d3,640,0.000062984179
0x36d4,640,0.000062984179
0x36d5,640,0.000062984179
0x36d6,640,0.000062984179
0x36d7,640,0.000062984179
0x36d8,24,0.000002361907
0x36d9,24,0.000002361907
0x36da,24,0.000002361907
0x36db,24,0.000002361907
0x36dc,24,0.000002361907
0x36dd,24,0.000002361907
0x36de,24,0.000002361907
0x36e1,24,0.000002361907
0x36e3,24,0.000002361907
0x36e6,24,0.000002361907
0x36ea,630,0.000062000051
0x36eb,630,0.000062000051
0x36ec,630,0.000062000051
0x36ed,630,0.000062000051
0x36ee,630,0.000062000051
0x36ef,630,0.000062000051
0x36f0,186,0.000018304777
0x36f1,186,0.000018304777
0x36f2,186,0.000018304777
0x36f3,186,0.000018304777
0x36f5,186,0.000018304777
0x36f6,12,0.000001180953
0x36f7,12,0.000001180953
0x36f8,12,0.000001180953
0x36f9,12,0.000001180953
0x36fa,12,0.000001180953
0x36fb,12,0.000001180953
0x36fc,12,0.000001180953
0x36fd,12,0.000001180953
0x36fe,12,0.000001180953
0x3701,12,0.000001180953
0x3703,12,0.000001180953
0x3706,12,0.000001180953
0x370a,728,0.000071644503
0x370b,728,0.000071644503
0x370c,728,0.000071644503
0x370d,728,0.000071644503
0x370e,728,0.000071644503
0x370f,728,0.000071644503
0x3710,62,0.000006101592
0x3711,62,0.000006101592
0x3712,62,0.000006101592
0x3713,62,0.000006101592
0x3715,62,0.000006101592
0x3716,22,0.000002165081
0x3717,22,0.000002165081
0x3718,22,0.000002165081
0x3719,22,0.000002165081
0x371a,22,0.000002165081
0x371b,22,0.000002165081
0x371c,22,0.000002165081
0x371d,22,0.000002165081
0x371e,22,0.000002165081
0x3721,22,0.000002165081
0x3723,22,0.000002165081
0x3726,22,0.000002165081
0x3729,22,0.000002165081
0x372a,22,0.000002165081
0x372c,22,0.000002165081
0x372d,11,0.000001082541
0x372e,11,0.000001082541
0x3730,11,0.000001082541
0x3731,11,0.000001082541
0x3732,11,0.000001082541
0x3733,11,0.000001082541
0x3734,11,0.000001082541
0x3735,11,0.000001082541
0x3736,11,0.000001082541
0x3739,11,0.000001082541
0x373b,11,0.000001082541
0x373e,11,0.000001082541
0x3744,17,0.000001673017
0x3746,17,0.000001673017
0x3747,17,0.000001673017
0x3748,17,0.000001673017
0x3749,17,0.000001673017
0x374a,17,0.000001673017
0x374c,17,0.000001673017
0x374d,17,0.000001673017
0x374e,17,0.000001673017
0x3750,17,0.000001673017
0x3751,17,0.000001673017
0x3752,2,0.000000196826
0x3753,2,0.000000196826
0x3754,2,0.000000196826
0x3758,2894,0.000284806582
0x3759,2894,0.000284806582
0x375a,2894,0.000284806582
0x375b,16,0.000001574604
0x375c,16,0.000001574604
0x375f,15,0.000001476192
0x3760,15,0.000001476192
0x3761,15,0.000001476192
0x3764,8,0.000000787302
0x3766,8,0.000000787302
0x3767,8,0.000000787302
0x3769,8,0.000000787302
0x376a,8,0.000000787302
0x376b,8,0.000000787302
0x376c,8,0.000000787302
0x376d,8,0.000000787302
0x376e,8,0.000000787302
0x376f,8,0.000000787302
0x3770,8,0.000000787302
0x3771,8,0.000000787302
0x3772,8,0.000000787302
0x3773,8,0.000000787302
0x3774,8,0.000000787302
0x3777,8,0.000000787302
0x377a,8,0.000000787302
0x377b,8,0.000000787302
0x377c,8,0.000000787302
0x377d,8,0.000000787302
0x377e,8,0.000000787302
0x3780,8,0.000000787302
0x3781,8,0.000000787302
0x3782,8,0.000000787302
0x3783,8,0.000000787302
0x3786,8,0.000000787302
0x3787,8,0.000000787302
0x3788,8,0.000000787302
0x3789,8,0.000000787302
0x378c,8,0.000000787302
0x378e,8,0.000000787302
0x378f,8,0.000000787302
0x3791,8,0.000000787302
0x3792,8,0.000000787302
0x3796,8,0.000000787302
0x3798,8,0.000000787302
0x3799,8,0.000000787302
0x379b,8,0.000000787302
0x379e,3,0.000000295238
0x379f,8,0.000000787302
0x37a0,8,0.000000787302
0x37a1,8,0.000000787302
0x37a4,8,0.000000787302
0x37a5,8,0.000000787302
0x37a6,8,0.000000787302
0x37a7,8,0.000000787302
0x37aa,8,0.000000787302
0x37b0,7,0.000000688889
0x37b1,7,0.000000688889
0x37b2,7,0.000000688889
0x37b3,7,0.000000688889
0x37b4,7,0.000000688889
0x37b5,7,0.000000688889
0x37b6,7,0.000000688889
0x37b7,7,0.000000688889
0x37b8,7,0.000000688889
0x37b9,7,0.000000688889
0x37ba,7,0.000000688889
0x37bb,7,0.000000688889
0x37be,7,0.000000688889
0x37c0,7,0.000000688889
0x37c1,7,0.000000688889
0x37c4,7,0.000000688889
0x37c6,7,0.000000688889
0x37cc,1,0.000000098413
0x37cd,1,0.000000098413
0x37ce,1,0.000000098413
0x37cf,1,0.000000098413
0x37d0,1,0.000000098413
0x37d2,1,0.000000098413
0x37d4,1,0.000000098413
0x37d5,1,0.000000098413
0x37d7,1,0.000000098413
0x37da,1,0.000000098413
0x37dd,26,0.000002558732
0x37de,26,0.000002558732
0x37df,26,0.000002558732
0x37e0,26,0.000002558732
0x37e1,26,0.000002558732
0x37e2,26,0.000002558732
0x37e5,1,0.000000098413
0x3800,1264,0.000124393753
0x3803,1264,0.000124393753
0x3805,1264,0.000124393753
0x3806,603,0.000059342906
0x3809,603,0.000059342906
0x380b,603,0.000059342906
0x380c,603,0.000059342906
0x380f,603,0.000059342906
0x3810,603,0.000059342906
0x3813,603,0.000059342906
0x3815,603,0.000059342906
0x3816,603,0.000059342906
0x3819,603,0.000059342906
0x381a,603,0.000059342906
0x381b,603,0.000059342906
0x381d,603,0.000059342906
0x381e,603,0.000059342906
0x381f,603,0.000059342906
0x3820,603,0.000059342906
0x3822,603,0.000059342906
0x3823,9,0.000000885715
0x3824,9,0.000000885715
0x3827,9,0.000000885715
0x3829,9,0.000000885715
0x382b,9,0.000000885715
0x382c,9,0.000000885715
0x382e,9,0.000000885715
0x382f,9,0.000000885715
0x3830,9,0.000000885715
0x3832,9,0.000000885715
0x3833,9,0.000000885715
0x3834,9,0.000000885715
0x3835,9,0.000000885715
0x3837,9,0.000000885715
0x3838,9,0.000000885715
0x3839,9,0.000000885715
0x383b,9,0.000000885715
0x383c,9,0.000000885715
0x383e,9,0.000000885715
0x3841,6,0.000000590477
0x3844,9,0.000000885715
0x3846,9,0.000000885715
0x3847,9,0.000000885715
0x3849,9,0.000000885715
0x384a,9,0.000000885715
0x384b,9,0.000000885715
0x384c,3,0.000000295238
0x384f,3,0.000000295238
0x3850,3,0.000000295238
0x3851,3,0.000000295238
0x3853,3,0.000000295238
0x3854,3,0.000000295238
0x3855,3,0.000000295238
0x3856,3,0.000000295238
0x3857,3,0.000000295238
0x3858,3,0.000000295238
0x3859,3,0.000000295238
0x385c,3,0.000000295238
0x385d,3,0.000000295238
0x385f,3,0.000000295238
0x3862,1,0.000000098413
0x3863,1,0.000000098413
0x3865,1,0.000000098413
0x3868,1,0.000000098413
0x386b,1,0.000000098413
0x386e,1,0.000000098413
0x386f,1,0.000000098413
0x3871,1,0.000000098413
0x3894,2,0.000000196826
0x3897,2,0.000000196826
0x3899,2,0.000000196826
0x389c,2,0.000000196826
0x38a1,3,0.000000295238
0x38a2,3,0.000000295238
0x38a4,3,0.000000295238
0x38a5,3,0.000000295238
0x38a6,3,0.000000295238
0x38a7,3,0.000000295238
0x38a8,3,0.000000295238
0x38a9,3,0.000000295238
0x38ac,3,0.000000295238
0x38ae,3,0.000000295238
0x38af,3,0.000000295238
0x38b1,3,0.000000295238
0x38b4,3,0.000000295238
0x38b5,3,0.000000295238
0x38bc,5,0.000000492064
0x38be,5,0.000000492064
0x38bf,5,0.000000492064
0x38c1,5,0.000000492064
0x38c2,5,0.000000492064
0x38c3,5,0.000000492064
0x38f8,2,0.000000196826
0x38fb,3,0.000000295238
0x38fc,3,0.000000295238
0x38fd,3,0.000000295238
0x3906,3,0.000000295238
0x3907,3,0.000000295238
0x3908,3,0.000000295238
0x3909,3,0.000000295238
0x390a,3,0.000000295238
0x390d,3,0.000000295238
0x390e,3,0.000000295238
0x390f,3,0.000000295238
0x3912,3,0.000000295238
0x3913,3,0.000000295238
0x3916,3,0.000000295238
0x3918,3,0.000000295238
0x391b,3,0.000000295238
0x391c,6,0.000000590477
0x391d,6,0.000000590477
0x391f,6,0.000000590477
0x3922,1,0.000000098413
0x3923,1892,0.000186196978
0x3930,316,0.000031098438
0x3933,316,0.000031098438
0x3935,316,0.000031098438
0x3937,316,0.000031098438
0x3938,316,0.000031098438
0x393a,316,0.000031098438
0x393b,316,0.000031098438
0x393c,316,0.000031098438
0x393d,316,0.000031098438
0x393f,316,0.000031098438
0x3942,158,0.000015549219
0x3945,158,0.000015549219
0x3946,158,0.000015549219
0x3947,158,0.000015549219
0x394a,158,0.000015549219
0x394b,158,0.000015549219
0x394c,972,0.000095657221
0x394d,972,0.000095657221
0x3950,947,0.000093196902
0x3951,947,0.000093196902
0x3952,947,0.000093196902
0x3954,947,0.000093196902
0x3955,947,0.000093196902
0x3956,947,0.000093196902
0x3959,133,0.000013088900
0x395c,972,0.000095657221
0x395d,972,0.000095657221
0x395f,972,0.000095657221
0x3960,295,0.000029031770
0x3961,295,0.000029031770
0x3963,295,0.000029031770
0x3964,295,0.000029031770
0x3965,295,0.000029031770
0x3966,295,0.000029031770
0x3967,252,0.000024800020
0x3968,252,0.000024800020
0x3969,25,0.000002460319
0x396b,25,0.000002460319
0x396c,25,0.000002460319
0x396d,25,0.000002460319
0x396e,25,0.000002460319
0x396f,25,0.000002460319
0x3972,25,0.000002460319
0x3973,25,0.000002460319
0x3975,25,0.000002460319
0x3976,25,0.000002460319
0x3977,25,0.000002460319
0x3978,25,0.000002460319
0x397a,25,0.000002460319
0x397b,25,0.000002460319
0x3980,632,0.000062196876
0x3983,632,0.000062196876
0x3985,632,0.000062196876
0x3986,2,0.000000196826
0x3988,2,0.000000196826
0x3a00,316,0.000031098438
0x3a03,316,0.000031098438
0x3a05,316,0.000031098438
0x3a06,316,0.000031098438
0x3a07,316,0.000031098438
0x3a08,316,0.000031098438
0x3a0b,316,0.000031098438
0x3a0c,316,0.000031098438
0x3a0d,316,0.000031098438
0x3a0e,158,0.000015549219
0x3a0f,158,0.000015549219
0x3a10,2276,0.000223987485
0x3a13,2276,0.000223987485
0x3a14,2276,0.000223987485
0x3a15,2276,0.000223987485
0x3a18,384,0.000037790507
0x3a1a,384,0.000037790507
0x3a1c,384,0.000037790507
0x3a1d,1892,0.000186196978
0x3a20,1892,0.000186196978
0x3a21,1892,0.000186196978
0x3a22,1892,0.000186196978
0x3a40,1892,0.000186196978
0x3a42,1892,0.000186196978
0x3a43,1892,0.000186196978
0x3a44,1892,0.000186196978
0x3a47,48,0.000004723813
0x3a49,48,0.000004723813
0x3a4c,3,0.000000295238
0x3a4e,48,0.000004723813
0x3a4f,48,0.000004723813
0x3a50,48,0.000004723813
0x3a51,48,0.000004723813
0x3a52,48,0.000004723813
0x3a53,48,0.000004723813
0x3a54,48,0.000004723813
0x3a56,48,0.000004723813
0x3a58,48,0.000004723813
0x3a5a,48,0.000004723813
0x3a5b,48,0.000004723813
0x3a5d,48,0.000004723813
0x3a5f,48,0.000004723813
0x3a62,1844,0.000181473165
0x3a64,1844,0.000181473165
0x3a65,1844,0.000181473165
0x3a66,1844,0.000181473165
0x3a82,1892,0.000186196978
0x3a85,1892,0.000186196978
0x3a86,1892,0.000186196978
0x3a88,1892,0.000186196978
0x3a90,1892,0.000186196978
0x3a93,1892,0.000186196978
0x3a94,1892,0.000186196978
0x3a95,1892,0.000186196978
0x3a98,1215,0.000119571527
0x3a9b,1215,0.000119571527
0x3a9e,1215,0.000119571527
0x3aa1,19440,0.001913144424
0x3aa2,19440,0.001913144424
0x3aa3,19440,0.001913144424
0x3aa4,19440,0.001913144424
0x3aa7,18225,0.001793572898
0x3aa8,18225,0.001793572898
0x3aaa,18225,0.001793572898
0x3aad,2655,0.000261285928
0x3aae,19440,0.001913144424
0x3aaf,19440,0.001913144424
0x3ab0,19440,0.001913144424
0x3ab1,19440,0.001913144424
0x3ab2,19440,0.001913144424
0x3ab5,1215,0.000119571527
0x3ab6,1215,0.000119571527
0x3ab7,1215,0.000119571527
0x3ab8,927,0.000091228646
0x3aba,927,0.000091228646
0x3abd,9,0.000000885715
0x3abf,927,0.000091228646
0x3ac1,927,0.000091228646
0x3ac2,927,0.000091228646
0x3ac5,927,0.000091228646
0x3ac6,927,0.000091228646
0x3ac8,927,0.000091228646
0x3ac9,927,0.000091228646
0x3aca,927,0.000091228646
0x3b1b,1892,0.000186196978
0x3b1e,1892,0.000186196978
0x3b1f,1892,0.000186196978
0x3b20,1892,0.000186196978
0x3b33,1892,0.000186196978
0x3b36,1892,0.000186196978
0x3b37,1892,0.000186196978
0x3b38,1892,0.000186196978
0x3b43,1892,0.000186196978
0x3b46,1892,0.000186196978
0x3b47,1892,0.000186196978
0x3b49,1892,0.000186196978
0x3b4c,1892,0.000186196978
0x3b4f,1892,0.000186196978
0x3b52,1892,0.000186196978
0x3b55,1892,0.000186196978
0x3b58,1892,0.000186196978
0x3b5b,1892,0.000186196978
